Age,Attrition,Attrition_Binary,DailyRate,MonthlyIncome,TotalWorkingYears,YearsAtCompany,YearsInCurrentRole,YearsSinceLastPromotion,YearsWithCurrManager,Department,JobRole
41,Yes,1,1102,5993,8,6,4,0,5,Sales,Sales Executive
49,No,0,279,5130,10,10,7,1,7,Research & Development,Research Scientist
37,Yes,1,1373,2090,7,0,0,0,0,Research & Development,Laboratory Technician
33,No,0,1392,2909,8,8,7,3,0,Research & Development,Research Scientist
27,No,0,591,3468,6,2,2,2,2,Research & Development,Laboratory Technician
32,No,0,1005,3068,8,7,7,3,6,Research & Development,Laboratory Technician
59,No,0,1324,2670,12,1,0,0,0,Research & Development,Laboratory Technician
30,No,0,1358,2693,1,1,0,0,0,Research & Development,Laboratory Technician
38,No,0,216,9526,10,9,7,1,8,Research & Development,Manufacturing Director
36,No,0,1299,5237,17,7,7,7,7,Research & Development,Healthcare Representative
35,No,0,809,2426,6,5,4,0,3,Research & Development,Laboratory Technician
29,No,0,153,4193,10,9,5,0,8,Research & Development,Laboratory Technician
31,No,0,670,2911,5,5,2,4,3,Research & Development,Research Scientist
34,No,0,1346,2661,3,2,2,1,2,Research & Development,Laboratory Technician
28,Yes,1,103,2028,6,4,2,0,3,Research & Development,Laboratory Technician
29,No,0,1389,9980,10,10,9,8,8,Research & Development,Manufacturing Director
32,No,0,334,3298,7,6,2,0,5,Research & Development,Research Scientist
22,No,0,1123,2935,1,1,0,0,0,Research & Development,Laboratory Technician
53,No,0,1219,15427,31,25,8,3,7,Sales,Manager
38,No,0,371,3944,6,3,2,1,2,Research & Development,Research Scientist
24,No,0,673,4011,5,4,2,1,3,Research & Development,Manufacturing Director
36,Yes,1,1218,3407,10,5,3,0,3,Sales,Sales Representative
34,No,0,419,11994,13,12,6,2,11,Research & Development,Research Director
21,No,0,391,1232,0,0,0,0,0,Research & Development,Research Scientist
34,Yes,1,699,2960,8,4,2,1,3,Research & Development,Research Scientist
53,No,0,1282,19094,26,14,13,4,8,Research & Development,Manager
32,Yes,1,1125,3919,10,10,2,6,7,Research & Development,Research Scientist
42,No,0,691,6825,10,9,7,4,2,Sales,Sales Executive
44,No,0,477,10248,24,22,6,5,17,Research & Development,Healthcare Representative
46,No,0,705,18947,22,2,2,2,1,Sales,Manager
33,No,0,924,2496,7,1,1,0,0,Research & Development,Laboratory Technician
44,No,0,1459,6465,9,4,2,1,3,Research & Development,Healthcare Representative
30,No,0,125,2206,10,10,0,1,8,Research & Development,Laboratory Technician
39,Yes,1,895,2086,19,1,0,0,0,Sales,Sales Representative
24,Yes,1,813,2293,6,2,0,2,0,Research & Development,Research Scientist
43,No,0,1273,2645,6,5,3,1,4,Research & Development,Research Scientist
50,Yes,1,869,2683,3,3,2,0,2,Sales,Sales Representative
35,No,0,890,2014,2,2,2,2,2,Sales,Sales Representative
36,No,0,852,3419,6,1,1,0,0,Research & Development,Research Scientist
33,No,0,1141,5376,10,5,3,1,3,Sales,Sales Executive
35,No,0,464,1951,1,1,0,0,0,Research & Development,Laboratory Technician
27,No,0,1240,2341,1,1,0,0,0,Research & Development,Laboratory Technician
26,Yes,1,1357,2293,1,1,0,0,1,Research & Development,Laboratory Technician
27,No,0,994,8726,9,9,8,1,7,Sales,Sales Executive
30,No,0,721,4011,12,12,8,3,7,Research & Development,Laboratory Technician
41,Yes,1,1360,19545,23,22,15,15,8,Research & Development,Research Director
34,No,0,1065,4568,10,9,5,8,7,Sales,Sales Executive
37,No,0,408,3022,8,1,0,0,0,Research & Development,Research Scientist
46,No,0,1211,5772,14,9,6,0,8,Sales,Sales Executive
35,No,0,1229,2269,1,1,0,0,1,Research & Development,Laboratory Technician
48,Yes,1,626,5381,23,1,0,0,0,Research & Development,Laboratory Technician
28,Yes,1,1434,3441,2,2,2,2,2,Research & Development,Laboratory Technician
44,No,0,1488,5454,9,4,3,1,3,Sales,Sales Executive
35,No,0,1097,9884,10,4,0,2,3,Research & Development,Healthcare Representative
26,No,0,1443,4157,5,2,2,0,0,Sales,Sales Executive
33,No,0,515,13458,15,15,14,8,12,Research & Development,Research Director
35,No,0,853,9069,9,9,8,1,8,Sales,Sales Executive
35,No,0,1142,4014,4,2,2,2,2,Research & Development,Laboratory Technician
31,No,0,655,5915,10,7,7,1,7,Research & Development,Laboratory Technician
37,No,0,1115,5993,7,7,5,0,7,Research & Development,Manufacturing Director
32,No,0,427,6162,9,9,8,7,8,Research & Development,Manufacturing Director
38,No,0,653,2406,10,10,3,9,9,Research & Development,Laboratory Technician
50,No,0,989,18740,29,27,3,13,8,Research & Development,Research Director
59,No,0,1435,7637,28,21,16,7,9,Sales,Sales Executive
36,No,0,1223,10096,17,17,14,12,8,Research & Development,Healthcare Representative
55,No,0,836,14756,21,5,0,0,2,Research & Development,Manager
36,No,0,1195,6499,6,6,5,0,3,Research & Development,Manufacturing Director
45,No,0,1339,9724,25,1,0,0,0,Research & Development,Research Scientist
35,No,0,664,2194,5,3,2,1,2,Research & Development,Research Scientist
36,Yes,1,318,3388,2,1,0,0,0,Research & Development,Research Scientist
59,No,0,1225,5473,20,4,3,1,3,Sales,Sales Executive
29,No,0,1328,2703,6,5,4,0,4,Research & Development,Research Scientist
31,No,0,1082,2501,1,1,1,1,0,Research & Development,Research Scientist
32,No,0,548,6220,10,10,4,0,9,Research & Development,Research Scientist
36,No,0,132,3038,5,1,0,0,0,Research & Development,Laboratory Technician
31,No,0,746,4424,11,11,7,1,8,Research & Development,Manufacturing Director
35,No,0,776,4312,16,15,13,2,8,Sales,Sales Executive
45,No,0,193,13245,17,0,0,0,0,Research & Development,Research Director
37,No,0,397,13664,16,5,2,0,2,Research & Development,Research Director
46,No,0,945,5021,16,4,2,0,2,Human Resources,Human Resources
30,No,0,852,5126,10,10,8,3,0,Research & Development,Laboratory Technician
35,No,0,1214,2859,6,6,4,0,4,Research & Development,Research Scientist
55,No,0,111,10239,24,1,0,1,0,Sales,Sales Executive
38,No,0,573,5329,17,13,11,1,9,Research & Development,Research Scientist
34,No,0,1153,4325,5,5,2,1,3,Research & Development,Manufacturing Director
56,No,0,1400,7260,37,6,4,0,2,Research & Development,Manufacturing Director
23,No,0,541,2322,3,0,0,0,0,Sales,Sales Representative
51,No,0,432,2075,10,4,2,0,3,Research & Development,Laboratory Technician
30,No,0,288,4152,11,11,10,10,8,Research & Development,Healthcare Representative
46,Yes,1,669,9619,9,9,8,4,7,Sales,Sales Executive
40,No,0,530,13503,22,22,3,11,11,Research & Development,Healthcare Representative
51,No,0,632,5441,11,10,7,1,0,Sales,Sales Executive
30,No,0,1334,5209,11,11,8,2,7,Sales,Sales Executive
46,No,0,638,10673,21,10,9,9,5,Research & Development,Healthcare Representative
32,No,0,1093,5010,12,11,8,5,7,Sales,Sales Executive
54,No,0,1217,13549,16,4,3,0,3,Research & Development,Research Director
24,No,0,1353,4999,4,3,2,0,2,Sales,Sales Executive
28,No,0,120,4221,5,5,4,0,4,Sales,Sales Executive
58,No,0,682,13872,38,37,10,1,8,Sales,Sales Executive
44,No,0,489,2042,17,3,2,1,2,Research & Development,Laboratory Technician
37,Yes,1,807,2073,7,3,2,0,2,Human Resources,Human Resources
32,No,0,827,2956,1,1,0,0,0,Research & Development,Research Scientist
20,Yes,1,871,2926,1,1,0,1,0,Research & Development,Laboratory Technician
34,No,0,665,4809,16,16,13,2,10,Research & Development,Research Scientist
37,No,0,1040,5163,17,1,0,0,0,Research & Development,Healthcare Representative
59,No,0,1420,18844,30,3,2,2,2,Human Resources,Manager
50,No,0,1115,18172,28,8,3,0,7,Research & Development,Research Director
25,Yes,1,240,5744,6,6,4,0,3,Sales,Sales Executive
25,No,0,1280,2889,2,2,2,2,1,Research & Development,Research Scientist
22,No,0,534,2871,1,0,0,0,0,Research & Development,Laboratory Technician
51,No,0,1456,7484,23,13,12,12,8,Research & Development,Healthcare Representative
34,Yes,1,658,6074,9,9,7,0,6,Research & Development,Laboratory Technician
54,No,0,142,17328,23,5,3,4,4,Human Resources,Manager
24,No,0,1127,2774,6,5,3,1,2,Research & Development,Laboratory Technician
34,No,0,1031,4505,12,1,0,0,0,Research & Development,Research Scientist
37,No,0,1189,7428,12,5,3,1,3,Sales,Sales Executive
34,No,0,1354,11631,14,11,10,5,8,Research & Development,Manager
36,No,0,1467,9738,10,9,7,2,8,Sales,Sales Executive
36,No,0,922,2835,7,1,0,0,0,Research & Development,Laboratory Technician
43,No,0,394,16959,25,25,12,4,12,Sales,Manager
30,No,0,1312,2613,10,10,7,0,9,Research & Development,Research Scientist
33,No,0,750,6146,8,7,7,0,7,Sales,Sales Executive
56,Yes,1,441,4963,7,5,4,4,3,Research & Development,Research Scientist
51,No,0,684,19537,23,20,18,15,15,Research & Development,Research Director
31,Yes,1,249,6172,12,7,7,7,7,Sales,Sales Executive
26,No,0,841,2368,5,5,4,4,3,Research & Development,Research Scientist
58,Yes,1,147,10312,40,40,10,15,6,Research & Development,Healthcare Representative
19,Yes,1,528,1675,0,0,0,0,0,Sales,Sales Representative
22,No,0,594,2523,3,2,1,2,1,Research & Development,Laboratory Technician
49,No,0,470,6567,16,15,11,5,11,Research & Development,Manufacturing Director
43,No,0,957,4739,18,3,2,1,2,Research & Development,Research Scientist
50,No,0,809,9208,16,2,2,2,1,Sales,Sales Executive
31,Yes,1,542,4559,4,2,2,2,2,Sales,Sales Executive
41,No,0,802,8189,12,9,7,0,7,Sales,Sales Executive
26,No,0,1355,2942,8,8,7,5,7,Human Resources,Human Resources
36,No,0,216,4941,7,3,2,0,1,Research & Development,Manufacturing Director
51,Yes,1,1150,10650,18,4,2,0,3,Research & Development,Manufacturing Director
39,No,0,1329,5902,17,15,11,5,9,Sales,Sales Executive
25,No,0,959,8639,6,2,2,2,2,Sales,Sales Executive
30,No,0,1240,6347,12,11,9,4,7,Human Resources,Human Resources
32,Yes,1,1033,4200,10,5,4,0,4,Research & Development,Laboratory Technician
45,No,0,1316,3452,9,6,5,0,3,Research & Development,Research Scientist
38,No,0,364,4317,19,3,2,2,2,Research & Development,Research Scientist
30,No,0,438,2632,5,5,4,0,4,Research & Development,Research Scientist
32,No,0,689,4668,9,8,7,0,7,Sales,Sales Executive
30,No,0,201,3204,8,3,2,2,2,Research & Development,Research Scientist
30,No,0,1427,2720,6,5,3,1,2,Research & Development,Laboratory Technician
41,No,0,857,17181,21,7,6,7,7,Research & Development,Manager
41,No,0,933,2238,7,5,0,1,4,Research & Development,Laboratory Technician
19,No,0,1181,1483,1,1,0,0,0,Research & Development,Laboratory Technician
40,No,0,1395,5605,20,20,7,2,13,Research & Development,Research Scientist
35,No,0,662,7295,10,10,8,0,6,Sales,Sales Executive
53,No,0,1436,2306,13,7,7,4,5,Sales,Sales Representative
45,No,0,194,2348,20,17,9,0,15,Research & Development,Laboratory Technician
32,No,0,967,8998,9,9,8,3,7,Sales,Sales Executive
29,No,0,1496,4319,10,10,7,0,9,Research & Development,Manufacturing Director
51,No,0,1169,6132,10,1,0,0,0,Research & Development,Manufacturing Director
58,No,0,1145,3346,9,1,0,0,0,Research & Development,Research Scientist
40,No,0,630,10855,15,12,11,2,11,Sales,Sales Executive
34,No,0,303,2231,6,4,3,1,2,Sales,Sales Representative
22,No,0,1256,2323,2,2,2,2,2,Research & Development,Research Scientist
27,No,0,691,2024,6,2,2,2,2,Research & Development,Research Scientist
28,No,0,440,2713,5,5,2,0,2,Research & Development,Research Scientist
57,No,0,334,9439,12,5,3,1,4,Research & Development,Healthcare Representative
27,No,0,1450,2566,1,1,1,0,1,Research & Development,Research Scientist
50,No,0,1452,19926,21,5,4,4,4,Research & Development,Manager
41,No,0,465,2451,13,9,8,1,8,Research & Development,Research Scientist
30,No,0,1339,9419,12,10,9,7,4,Sales,Sales Executive
38,No,0,702,8686,12,8,3,0,7,Sales,Sales Executive
32,No,0,120,3038,8,5,4,1,4,Research & Development,Research Scientist
27,No,0,1157,3058,6,5,2,1,1,Research & Development,Research Scientist
19,Yes,1,602,2325,1,0,0,0,0,Sales,Sales Representative
36,No,0,1480,2088,13,8,7,7,2,Research & Development,Laboratory Technician
30,No,0,111,3072,12,12,9,6,10,Research & Development,Laboratory Technician
45,No,0,1268,5006,9,5,4,0,3,Sales,Sales Executive
56,No,0,713,4257,19,2,2,2,2,Research & Development,Research Scientist
33,No,0,134,2500,4,3,1,0,2,Research & Development,Research Scientist
19,Yes,1,303,1102,1,1,0,1,0,Research & Development,Laboratory Technician
46,No,0,526,10453,24,24,13,15,7,Sales,Sales Executive
38,No,0,1380,2288,2,2,2,2,1,Research & Development,Laboratory Technician
31,No,0,140,3929,7,4,2,0,2,Research & Development,Research Scientist
34,No,0,629,2311,9,3,2,1,2,Research & Development,Research Scientist
41,Yes,1,1356,3140,4,4,3,0,2,Sales,Sales Representative
50,No,0,328,3690,5,3,2,0,2,Research & Development,Laboratory Technician
53,No,0,1084,4450,5,4,2,1,3,Research & Development,Manufacturing Director
33,No,0,931,2756,8,8,7,1,6,Research & Development,Research Scientist
40,No,0,989,19033,21,20,8,9,9,Research & Development,Manager
55,No,0,692,18722,36,24,15,2,15,Research & Development,Research Director
34,No,0,1069,9547,10,10,9,1,9,Research & Development,Manufacturing Director
51,No,0,313,13734,21,7,7,1,0,Research & Development,Healthcare Representative
52,No,0,699,19999,34,33,18,11,9,Research & Development,Manager
27,No,0,894,2279,7,7,7,0,3,Research & Development,Research Scientist
35,Yes,1,556,5916,8,1,0,0,1,Research & Development,Manufacturing Director
43,No,0,1344,2089,7,5,4,2,2,Research & Development,Research Scientist
45,No,0,1195,16792,22,20,8,11,8,Research & Development,Manager
37,No,0,290,3564,8,8,7,1,7,Research & Development,Research Scientist
35,No,0,138,4425,10,6,2,1,2,Research & Development,Laboratory Technician
42,No,0,926,5265,11,5,3,0,2,Research & Development,Manufacturing Director
38,No,0,1261,6553,14,1,0,0,0,Research & Development,Manufacturing Director
38,No,0,1084,6261,9,7,7,1,7,Research & Development,Manufacturing Director
27,No,0,472,4298,6,2,2,2,0,Research & Development,Manufacturing Director
49,No,0,1002,6804,7,7,7,1,7,Research & Development,Manufacturing Director
34,No,0,878,3815,5,5,3,2,0,Research & Development,Research Scientist
40,No,0,905,2741,15,7,2,3,7,Research & Development,Laboratory Technician
38,Yes,1,1180,6673,17,1,0,0,0,Research & Development,Healthcare Representative
29,Yes,1,121,7639,10,10,4,1,9,Sales,Sales Executive
22,No,0,1136,2328,4,4,2,2,2,Research & Development,Research Scientist
36,No,0,635,2153,8,8,1,1,7,Research & Development,Laboratory Technician
40,No,0,1151,4876,5,3,2,0,2,Research & Development,Healthcare Representative
46,No,0,644,9396,17,4,2,0,3,Research & Development,Healthcare Representative
32,Yes,1,1045,10400,14,14,8,9,8,Sales,Sales Executive
30,No,0,829,8474,12,11,8,5,8,Research & Development,Manufacturing Director
27,No,0,1242,9981,7,7,7,0,7,Sales,Sales Executive
51,No,0,1469,12490,16,10,9,4,7,Research & Development,Research Director
30,Yes,1,1005,2657,8,5,2,0,4,Research & Development,Research Scientist
41,No,0,896,13591,16,1,0,0,0,Sales,Manager
30,Yes,1,334,6696,9,6,3,0,1,Sales,Sales Executive
29,Yes,1,992,2058,7,6,2,1,5,Research & Development,Research Scientist
45,No,0,1052,8865,23,19,7,12,8,Sales,Sales Executive
54,No,0,1147,5940,16,6,2,0,5,Sales,Sales Executive
36,No,0,1396,5914,16,13,11,3,7,Research & Development,Laboratory Technician
33,No,0,147,2622,7,3,2,1,1,Research & Development,Research Scientist
37,No,0,663,12185,10,10,8,0,7,Research & Development,Research Director
38,No,0,119,10609,17,16,10,5,13,Sales,Sales Executive
31,No,0,979,4345,6,5,4,1,4,Research & Development,Manufacturing Director
59,No,0,142,2177,7,1,0,0,0,Research & Development,Research Scientist
37,No,0,319,2793,13,9,8,5,8,Sales,Sales Representative
29,No,0,1413,7918,11,11,10,4,1,Sales,Sales Executive
35,No,0,944,8789,10,10,7,0,8,Sales,Sales Executive
29,Yes,1,896,2389,4,4,3,0,1,Research & Development,Research Scientist
52,No,0,1323,3212,6,2,2,2,2,Research & Development,Laboratory Technician
42,No,0,532,19232,22,22,17,11,15,Research & Development,Manager
59,No,0,818,2267,7,2,2,2,2,Human Resources,Human Resources
50,No,0,854,19517,32,7,0,0,6,Sales,Manager
33,Yes,1,813,2436,8,5,4,0,4,Research & Development,Laboratory Technician
43,No,0,1034,16064,22,17,13,1,9,Sales,Manager
33,Yes,1,465,2707,13,9,7,1,7,Research & Development,Laboratory Technician
52,No,0,771,19068,33,33,7,15,12,Sales,Manager
32,No,0,1401,3931,6,4,3,1,2,Sales,Sales Representative
32,Yes,1,515,3730,4,3,2,1,2,Research & Development,Laboratory Technician
39,No,0,1431,2232,7,3,2,1,2,Research & Development,Laboratory Technician
32,No,0,976,4465,4,3,2,2,2,Sales,Sales Executive
41,No,0,1411,3072,17,1,0,0,0,Research & Development,Research Scientist
40,No,0,1300,3319,9,9,8,4,7,Research & Development,Research Scientist
45,No,0,252,19202,25,24,0,1,7,Research & Development,Manager
31,No,0,1327,13675,9,2,2,2,2,Research & Development,Research Director
33,No,0,832,2911,2,2,2,0,2,Research & Development,Research Scientist
34,No,0,470,5957,13,11,9,5,9,Research & Development,Manufacturing Director
37,No,0,1017,3920,17,3,1,0,2,Research & Development,Research Scientist
45,No,0,1199,6434,9,3,2,0,2,Research & Development,Manufacturing Director
37,Yes,1,504,10048,17,1,0,0,0,Research & Development,Manufacturing Director
39,No,0,505,10938,20,19,6,11,8,Research & Development,Healthcare Representative
29,No,0,665,2340,6,6,5,1,5,Research & Development,Research Scientist
42,No,0,916,6545,10,3,2,0,2,Research & Development,Research Scientist
29,No,0,1247,6931,10,3,2,0,2,Sales,Sales Executive
25,No,0,685,4898,5,4,2,1,2,Research & Development,Manufacturing Director
42,No,0,269,2593,10,9,6,7,8,Research & Development,Laboratory Technician
40,No,0,1416,19436,22,21,7,3,9,Research & Development,Research Director
51,No,0,833,2723,1,1,0,0,0,Research & Development,Research Scientist
31,Yes,1,307,3479,6,5,4,1,4,Research & Development,Laboratory Technician
32,No,0,1311,2794,5,5,1,0,3,Research & Development,Laboratory Technician
38,No,0,1327,5249,13,8,7,7,5,Sales,Sales Executive
32,No,0,128,2176,9,6,2,0,4,Research & Development,Laboratory Technician
46,No,0,488,16872,28,7,7,7,7,Sales,Manager
28,Yes,1,529,3485,5,0,0,0,0,Research & Development,Laboratory Technician
29,No,0,1210,6644,10,0,0,0,0,Sales,Sales Executive
31,No,0,1463,5582,10,9,0,7,8,Research & Development,Healthcare Representative
25,No,0,675,4000,6,6,3,1,5,Research & Development,Healthcare Representative
45,No,0,1385,13496,21,20,7,4,10,Research & Development,Healthcare Representative
36,No,0,1403,3210,16,15,13,10,11,Research & Development,Laboratory Technician
55,No,0,452,19045,37,36,10,4,13,Research & Development,Manager
47,Yes,1,666,11849,10,10,7,9,9,Research & Development,Manager
28,No,0,1158,2070,5,5,2,0,4,Research & Development,Research Scientist
37,No,0,228,6502,7,5,4,0,1,Sales,Sales Executive
21,No,0,996,3230,3,3,2,1,0,Research & Development,Research Scientist
37,No,0,728,13603,15,5,2,0,2,Research & Development,Research Director
35,No,0,1315,11996,10,7,7,6,2,Research & Development,Manager
38,No,0,322,5605,8,8,0,7,7,Sales,Sales Executive
26,No,0,1479,6397,6,6,5,1,4,Research & Development,Manufacturing Director
50,No,0,797,19144,28,10,4,1,6,Research & Development,Research Director
53,No,0,1070,17584,21,5,3,1,3,Research & Development,Research Director
42,No,0,635,4907,20,20,16,11,6,Sales,Sales Executive
29,No,0,442,4554,10,10,7,0,9,Sales,Sales Executive
55,No,0,147,5415,12,10,7,0,8,Research & Development,Laboratory Technician
26,No,0,496,4741,5,5,3,3,3,Research & Development,Healthcare Representative
37,No,0,1372,2115,17,17,12,5,7,Research & Development,Research Scientist
44,Yes,1,920,3161,19,1,0,0,0,Research & Development,Laboratory Technician
38,No,0,688,5745,10,2,2,1,2,Research & Development,Healthcare Representative
26,Yes,1,1449,2373,5,3,2,0,2,Research & Development,Laboratory Technician
28,No,0,1117,3310,5,5,3,0,2,Research & Development,Research Scientist
49,No,0,636,18665,22,3,2,1,2,Research & Development,Research Director
36,No,0,506,4485,10,8,0,7,7,Research & Development,Research Scientist
31,No,0,444,2789,2,2,2,2,2,Sales,Sales Representative
26,Yes,1,950,5828,8,8,7,7,4,Sales,Sales Executive
37,No,0,889,2326,4,4,2,1,2,Research & Development,Research Scientist
42,No,0,555,13525,23,20,4,4,8,Sales,Sales Executive
18,Yes,1,230,1420,0,0,0,0,0,Research & Development,Laboratory Technician
35,No,0,1232,8020,12,11,9,6,9,Sales,Sales Executive
36,No,0,566,3688,4,1,0,0,0,Research & Development,Laboratory Technician
51,No,0,1302,5482,13,4,1,1,2,Research & Development,Manufacturing Director
41,No,0,334,16015,22,22,10,0,4,Sales,Manager
18,No,0,812,1200,0,0,0,0,0,Sales,Sales Representative
28,No,0,1476,5661,9,8,3,0,7,Research & Development,Healthcare Representative
31,No,0,218,6929,10,8,7,7,7,Sales,Sales Executive
39,No,0,1132,9613,19,18,10,3,7,Research & Development,Healthcare Representative
36,No,0,1105,5674,11,9,8,0,8,Research & Development,Laboratory Technician
32,No,0,906,5484,13,13,8,4,8,Sales,Sales Executive
38,No,0,849,12061,19,10,8,0,1,Research & Development,Research Director
58,No,0,390,5660,12,5,3,1,2,Research & Development,Healthcare Representative
31,No,0,691,4821,6,5,2,0,3,Research & Development,Research Scientist
31,No,0,106,6410,9,2,2,1,0,Human Resources,Human Resources
45,No,0,1249,5210,24,24,9,9,11,Research & Development,Laboratory Technician
31,No,0,192,2695,3,2,2,2,2,Research & Development,Research Scientist
33,No,0,553,11878,12,10,6,8,8,Research & Development,Manager
39,No,0,117,17068,21,21,9,11,10,Research & Development,Manager
43,No,0,185,2455,9,8,7,1,7,Research & Development,Laboratory Technician
49,No,0,1091,13964,25,7,1,0,7,Research & Development,Healthcare Representative
52,Yes,1,723,4941,11,8,2,7,7,Research & Development,Research Scientist
27,No,0,1220,2478,4,4,3,1,2,Research & Development,Research Scientist
32,No,0,588,5228,13,13,12,11,9,Sales,Sales Executive
27,No,0,1377,4478,5,5,4,0,4,Sales,Sales Executive
31,No,0,691,7547,13,7,7,1,7,Sales,Sales Executive
32,No,0,1018,5055,10,7,7,0,7,Research & Development,Research Scientist
28,Yes,1,1157,3464,5,3,2,2,2,Research & Development,Research Scientist
30,No,0,1275,5775,11,10,8,1,9,Research & Development,Research Scientist
31,No,0,798,8943,10,10,9,8,9,Research & Development,Manufacturing Director
39,No,0,672,19272,21,21,9,13,3,Research & Development,Manager
39,Yes,1,1162,5238,12,1,0,0,0,Sales,Sales Executive
33,No,0,508,4682,9,7,7,0,1,Sales,Sales Executive
47,No,0,1482,18300,21,3,2,1,1,Research & Development,Research Director
43,No,0,559,5257,9,9,7,0,0,Research & Development,Laboratory Technician
27,No,0,210,6349,6,5,4,1,4,Sales,Sales Executive
54,No,0,928,4869,20,4,3,0,3,Research & Development,Research Scientist
43,No,0,1001,9985,10,1,0,0,0,Research & Development,Healthcare Representative
45,No,0,549,3697,12,10,9,9,8,Research & Development,Research Scientist
40,No,0,1124,7457,6,4,3,0,2,Sales,Sales Executive
29,Yes,1,318,2119,7,7,7,0,7,Research & Development,Laboratory Technician
29,No,0,738,3983,4,3,2,2,2,Research & Development,Laboratory Technician
30,No,0,570,6118,10,10,9,1,2,Sales,Sales Executive
27,No,0,1130,6214,8,8,7,0,7,Sales,Sales Executive
37,No,0,1192,6347,8,6,2,0,4,Research & Development,Manufacturing Director
38,No,0,343,11510,12,11,10,2,9,Research & Development,Research Director
31,No,0,1232,7143,11,11,9,4,10,Research & Development,Manufacturing Director
29,No,0,144,8268,7,7,7,1,7,Sales,Sales Executive
35,No,0,1296,8095,17,16,6,0,13,Research & Development,Manufacturing Director
23,No,0,1309,2904,4,4,2,0,2,Research & Development,Research Scientist
41,No,0,483,6032,8,5,4,1,2,Research & Development,Manufacturing Director
47,No,0,1309,2976,5,0,0,0,0,Sales,Sales Representative
42,No,0,810,15992,16,1,0,0,0,Research & Development,Research Director
29,No,0,746,4649,4,4,3,0,2,Sales,Sales Executive
42,No,0,544,2696,4,3,2,1,0,Human Resources,Human Resources
32,No,0,1062,2370,8,8,0,0,7,Research & Development,Laboratory Technician
48,No,0,530,12504,15,0,0,0,0,Sales,Manager
37,No,0,1319,5974,13,7,7,6,7,Research & Development,Research Scientist
30,No,0,641,4736,4,2,2,2,2,Sales,Sales Executive
26,No,0,933,5296,8,8,7,7,7,Sales,Sales Executive
42,No,0,1332,6781,14,1,0,0,0,Research & Development,Healthcare Representative
21,Yes,1,756,2174,3,3,2,1,2,Sales,Sales Representative
36,No,0,845,6653,7,1,0,0,0,Sales,Sales Executive
36,No,0,541,9699,16,13,9,1,12,Sales,Sales Executive
57,No,0,593,6755,15,3,2,1,2,Research & Development,Healthcare Representative
40,No,0,1171,2213,10,7,7,1,7,Research & Development,Laboratory Technician
21,No,0,895,2610,3,3,2,2,2,Sales,Sales Representative
33,Yes,1,350,2851,1,1,0,0,0,Sales,Sales Representative
37,No,0,921,3452,17,5,4,0,3,Research & Development,Laboratory Technician
46,No,0,1144,5258,7,1,0,0,0,Research & Development,Manufacturing Director
41,Yes,1,143,9355,8,8,7,7,7,Sales,Sales Executive
50,No,0,1046,10496,20,4,3,1,3,Research & Development,Healthcare Representative
40,Yes,1,575,6380,8,6,4,1,0,Sales,Sales Executive
31,No,0,408,2657,3,2,2,2,2,Research & Development,Research Scientist
21,Yes,1,156,2716,1,1,0,0,0,Sales,Sales Representative
29,No,0,1283,2201,6,3,2,1,2,Research & Development,Research Scientist
35,No,0,755,6540,10,1,1,0,0,Research & Development,Healthcare Representative
27,No,0,1469,3816,5,5,2,0,4,Research & Development,Laboratory Technician
28,No,0,304,5253,7,7,5,0,7,Sales,Sales Executive
49,No,0,1261,10965,26,5,2,0,0,Research & Development,Healthcare Representative
51,No,0,1178,4936,18,7,7,0,7,Sales,Sales Executive
36,No,0,329,2543,6,2,2,2,2,Research & Development,Research Scientist
34,Yes,1,1362,5304,9,5,2,0,4,Sales,Sales Executive
55,No,0,1311,16659,30,5,4,1,2,Research & Development,Manager
24,No,0,1371,4260,5,5,2,0,3,Sales,Sales Executive
30,No,0,202,2476,1,1,0,0,0,Sales,Sales Representative
26,Yes,1,575,3102,7,6,4,0,4,Research & Development,Research Scientist
22,No,0,253,2244,2,2,1,1,2,Research & Development,Research Scientist
36,No,0,164,7596,10,10,9,9,0,Sales,Sales Executive
30,Yes,1,464,2285,3,1,0,0,0,Research & Development,Research Scientist
37,No,0,1107,3034,18,18,7,12,17,Research & Development,Laboratory Technician
40,No,0,759,5715,8,5,4,1,3,Sales,Sales Executive
42,No,0,201,2576,8,5,2,1,2,Research & Development,Laboratory Technician
37,No,0,1305,4197,18,1,0,0,1,Research & Development,Manufacturing Director
43,No,0,982,14336,25,25,10,3,9,Research & Development,Research Director
40,No,0,555,3448,20,1,0,0,0,Research & Development,Laboratory Technician
54,No,0,821,19406,24,4,2,1,2,Research & Development,Research Director
34,No,0,1381,6538,6,3,2,1,2,Sales,Sales Executive
31,No,0,480,4306,13,13,10,3,12,Research & Development,Manufacturing Director
43,No,0,313,2258,8,3,2,1,2,Research & Development,Laboratory Technician
43,No,0,1473,4522,8,5,2,0,2,Research & Development,Healthcare Representative
25,No,0,891,4487,5,5,4,1,3,Sales,Sales Executive
37,No,0,1063,4449,15,13,11,10,7,Research & Development,Research Scientist
31,No,0,329,2218,4,4,2,3,2,Research & Development,Laboratory Technician
39,No,0,1218,19197,21,21,8,1,6,Research & Development,Manager
56,No,0,906,13212,36,7,7,7,7,Sales,Sales Executive
30,No,0,1082,6577,6,5,4,4,4,Sales,Sales Executive
41,No,0,645,8392,10,10,7,0,7,Sales,Sales Executive
28,No,0,1300,4558,10,10,0,1,8,Research & Development,Laboratory Technician
25,Yes,1,688,4031,6,2,2,0,2,Research & Development,Laboratory Technician
52,No,0,319,7969,28,5,4,0,4,Research & Development,Manufacturing Director
45,No,0,192,2654,8,2,2,0,2,Research & Development,Research Scientist
52,No,0,1490,16555,31,5,2,1,4,Research & Development,Manager
42,No,0,532,4556,19,5,4,0,2,Research & Development,Research Scientist
30,No,0,317,6091,11,5,4,0,2,Research & Development,Manufacturing Director
60,No,0,422,19566,33,29,8,11,10,Research & Development,Manager
46,No,0,1485,4810,19,10,7,0,8,Research & Development,Manufacturing Director
42,No,0,1368,4523,7,6,5,0,4,Research & Development,Healthcare Representative
24,Yes,1,1448,3202,6,5,3,1,4,Sales,Sales Representative
34,Yes,1,296,2351,3,2,2,1,0,Sales,Sales Representative
38,No,0,1490,1702,1,1,0,0,0,Research & Development,Laboratory Technician
40,No,0,1398,18041,21,20,15,1,12,Sales,Manager
26,No,0,1349,2886,3,3,2,0,2,Research & Development,Research Scientist
30,No,0,1400,2097,9,5,3,1,4,Research & Development,Laboratory Technician
29,No,0,986,11935,10,10,2,0,7,Research & Development,Research Director
29,Yes,1,408,2546,6,2,2,1,1,Research & Development,Research Scientist
19,Yes,1,489,2564,1,1,0,0,0,Human Resources,Human Resources
30,No,0,1398,8412,10,9,8,7,8,Sales,Sales Executive
57,No,0,210,14118,32,1,0,0,0,Sales,Manager
50,No,0,1099,17046,28,27,10,15,7,Research & Development,Manager
30,No,0,1116,2564,12,11,7,6,7,Research & Development,Laboratory Technician
60,No,0,1499,10266,22,18,13,13,11,Sales,Sales Executive
47,No,0,983,5070,20,5,0,0,4,Research & Development,Manufacturing Director
46,No,0,1009,17861,26,3,2,0,1,Research & Development,Research Director
35,No,0,144,4230,6,5,4,4,3,Research & Development,Laboratory Technician
54,No,0,548,3780,19,1,0,0,0,Research & Development,Laboratory Technician
34,No,0,1303,2768,14,7,3,5,7,Research & Development,Research Scientist
46,No,0,1125,9071,15,3,2,1,2,Sales,Sales Executive
31,No,0,1274,10648,13,13,8,0,8,Research & Development,Manufacturing Director
33,Yes,1,1277,13610,15,7,6,7,7,Research & Development,Manager
33,Yes,1,587,3408,8,4,3,1,3,Research & Development,Laboratory Technician
30,No,0,413,2983,4,3,2,1,2,Sales,Sales Representative
35,No,0,1276,7632,10,8,7,0,0,Research & Development,Healthcare Representative
31,Yes,1,534,9824,12,1,0,0,0,Research & Development,Healthcare Representative
34,Yes,1,988,9950,11,3,2,0,2,Human Resources,Human Resources
42,No,0,1474,2093,8,2,2,2,0,Research & Development,Laboratory Technician
36,No,0,635,9980,10,10,3,9,7,Sales,Sales Executive
22,Yes,1,1368,3894,4,2,2,1,2,Research & Development,Laboratory Technician
48,No,0,163,4051,14,9,7,6,7,Sales,Sales Executive
55,No,0,1117,16835,37,10,9,7,7,Sales,Manager
41,No,0,267,6230,16,14,3,1,10,Sales,Sales Executive
35,No,0,619,4717,15,11,9,6,9,Sales,Sales Executive
40,No,0,302,13237,22,20,6,5,13,Research & Development,Manufacturing Director
39,No,0,443,3755,8,8,3,0,7,Research & Development,Laboratory Technician
31,No,0,828,6582,10,6,5,0,5,Sales,Sales Executive
42,No,0,319,7406,10,10,9,5,8,Research & Development,Manufacturing Director
45,No,0,561,4805,9,8,7,3,7,Sales,Sales Executive
26,Yes,1,426,2741,8,7,7,1,0,Human Resources,Human Resources
29,No,0,232,4262,8,3,2,1,2,Research & Development,Manufacturing Director
33,No,0,922,16184,10,6,1,0,5,Research & Development,Research Director
31,No,0,688,11557,10,5,4,0,1,Sales,Manager
18,Yes,1,1306,1878,0,0,0,0,0,Sales,Sales Representative
40,No,0,1094,10932,20,1,0,0,1,Sales,Sales Executive
41,No,0,509,6811,10,8,7,0,7,Research & Development,Healthcare Representative
26,No,0,775,4306,8,0,0,0,0,Sales,Sales Executive
35,No,0,195,4859,5,5,4,0,3,Sales,Sales Executive
34,No,0,258,5337,10,10,7,5,7,Sales,Sales Executive
26,Yes,1,471,2340,1,1,0,0,0,Research & Development,Laboratory Technician
37,No,0,799,7491,12,6,5,1,2,Research & Development,Manufacturing Director
46,No,0,1034,10527,28,2,2,1,2,Research & Development,Healthcare Representative
41,No,0,1276,16595,22,18,16,11,8,Sales,Manager
37,No,0,142,8834,9,9,5,7,7,Sales,Sales Executive
52,No,0,956,5577,18,10,9,6,9,Research & Development,Research Scientist
32,Yes,1,1474,4707,6,4,2,1,2,Sales,Sales Executive
24,No,0,535,2400,3,2,2,2,1,Sales,Sales Representative
38,No,0,1495,9824,18,1,0,0,0,Research & Development,Healthcare Representative
37,No,0,446,6447,8,6,5,4,3,Research & Development,Manufacturing Director
49,No,0,1245,19502,31,31,9,0,9,Research & Development,Research Director
24,No,0,691,2725,6,6,5,1,4,Research & Development,Research Scientist
26,No,0,703,6272,6,5,3,1,4,Sales,Sales Executive
24,No,0,823,2127,1,1,0,0,0,Research & Development,Laboratory Technician
50,No,0,1246,18200,32,32,5,10,7,Human Resources,Manager
25,No,0,622,2096,7,7,4,0,6,Sales,Sales Representative
24,Yes,1,1287,2886,6,6,3,1,2,Research & Development,Laboratory Technician
30,Yes,1,448,2033,1,1,0,0,0,Sales,Sales Representative
34,No,0,254,3622,6,6,5,1,3,Research & Development,Research Scientist
31,Yes,1,1365,4233,9,3,1,1,2,Sales,Sales Executive
35,No,0,538,3681,9,3,2,0,2,Research & Development,Laboratory Technician
31,No,0,525,5460,13,7,7,5,7,Sales,Sales Executive
27,No,0,798,2187,6,5,3,0,3,Research & Development,Research Scientist
37,No,0,558,9602,17,3,0,1,0,Sales,Sales Executive
20,No,0,959,2836,1,1,0,0,0,Research & Development,Research Scientist
42,No,0,622,4089,10,10,2,2,2,Research & Development,Healthcare Representative
43,No,0,782,16627,21,1,0,0,0,Research & Development,Research Director
38,No,0,362,2619,8,0,0,0,0,Research & Development,Research Scientist
43,No,0,1001,5679,10,8,7,4,7,Research & Development,Laboratory Technician
48,No,0,1236,15402,21,3,2,0,2,Research & Development,Manager
44,No,0,1112,5985,10,2,2,0,2,Human Resources,Human Resources
34,No,0,204,2579,8,8,2,0,6,Sales,Sales Representative
27,Yes,1,1420,3041,5,4,3,0,2,Sales,Sales Representative
21,No,0,1343,3447,3,3,2,1,2,Sales,Sales Representative
44,No,0,1315,19513,26,2,2,0,1,Research & Development,Manager
22,No,0,604,2773,3,2,2,2,2,Research & Development,Research Scientist
33,No,0,1216,7104,6,5,0,1,2,Sales,Sales Executive
32,No,0,646,6322,6,6,4,0,5,Research & Development,Research Scientist
30,No,0,160,2083,1,1,0,0,0,Research & Development,Research Scientist
53,No,0,238,8381,18,14,7,8,10,Sales,Sales Executive
34,No,0,1397,2691,10,10,9,8,8,Research & Development,Research Scientist
45,Yes,1,306,4286,5,1,1,0,0,Sales,Sales Executive
26,No,0,991,2659,3,3,2,0,2,Research & Development,Laboratory Technician
37,No,0,482,9434,10,10,7,7,8,Research & Development,Manufacturing Director
29,No,0,1176,5561,6,6,0,1,2,Sales,Sales Executive
35,No,0,1017,6646,17,17,11,11,8,Research & Development,Research Scientist
33,No,0,1296,7725,15,13,11,4,7,Research & Development,Healthcare Representative
54,No,0,397,10725,16,9,7,7,1,Human Resources,Human Resources
36,No,0,913,8847,13,3,2,0,2,Research & Development,Manufacturing Director
27,No,0,1115,2045,5,4,2,1,1,Research & Development,Research Scientist
20,Yes,1,1362,1009,1,1,0,1,1,Research & Development,Research Scientist
33,Yes,1,1076,3348,10,10,8,9,7,Research & Development,Research Scientist
35,No,0,727,1281,1,1,0,0,0,Research & Development,Laboratory Technician
23,No,0,885,2819,5,3,2,0,2,Research & Development,Research Scientist
25,No,0,810,4851,4,3,2,1,2,Sales,Sales Executive
38,No,0,243,4028,8,7,7,0,5,Sales,Sales Executive
29,No,0,806,2720,10,10,7,2,8,Research & Development,Research Scientist
48,No,0,817,8120,12,2,2,2,2,Sales,Sales Executive
27,No,0,1410,4647,6,6,5,0,4,Sales,Sales Executive
37,No,0,1225,4680,4,1,0,0,0,Research & Development,Research Scientist
50,No,0,1207,3221,20,20,8,3,8,Research & Development,Laboratory Technician
34,No,0,1442,8621,9,8,7,7,7,Research & Development,Healthcare Representative
24,Yes,1,693,4577,4,2,2,2,0,Sales,Sales Executive
39,No,0,408,4553,20,20,7,11,10,Research & Development,Healthcare Representative
32,No,0,929,5396,10,10,7,0,8,Sales,Sales Executive
50,Yes,1,562,6796,18,4,3,1,3,Sales,Sales Executive
38,No,0,827,7625,10,9,7,1,8,Research & Development,Healthcare Representative
27,No,0,608,7412,9,9,7,0,7,Research & Development,Manufacturing Director
32,No,0,1018,11159,10,7,7,7,7,Research & Development,Research Director
47,No,0,703,4960,20,7,7,1,7,Sales,Sales Executive
40,No,0,580,10475,20,18,13,1,12,Sales,Sales Executive
53,No,0,970,14814,32,5,1,1,3,Research & Development,Research Director
41,No,0,427,19141,23,21,6,12,6,Human Resources,Manager
60,No,0,1179,5405,10,2,2,2,2,Sales,Sales Executive
27,No,0,294,8793,9,9,7,1,7,Research & Development,Manufacturing Director
41,No,0,314,19189,22,22,7,2,10,Human Resources,Manager
50,No,0,316,3875,4,2,2,2,2,Sales,Sales Representative
28,Yes,1,654,2216,10,7,7,3,7,Research & Development,Research Scientist
36,No,0,427,11713,10,8,7,0,5,Research & Development,Research Director
38,No,0,168,7861,10,1,0,0,0,Research & Development,Manufacturing Director
44,No,0,381,3708,9,5,2,1,4,Research & Development,Laboratory Technician
47,No,0,217,13770,28,22,2,11,13,Sales,Sales Executive
30,No,0,501,5304,10,8,7,7,7,Sales,Sales Executive
29,No,0,1396,2642,1,1,0,0,0,Sales,Sales Representative
42,Yes,1,933,2759,7,2,2,2,2,Research & Development,Research Scientist
43,No,0,775,6804,7,2,2,2,2,Sales,Sales Executive
34,No,0,970,6142,10,5,1,4,3,Research & Development,Healthcare Representative
23,No,0,650,2500,5,4,3,0,2,Research & Development,Laboratory Technician
39,No,0,141,6389,12,8,3,3,6,Human Resources,Human Resources
56,No,0,832,11103,30,10,7,1,1,Research & Development,Healthcare Representative
40,No,0,804,2342,5,4,2,2,3,Research & Development,Research Scientist
27,No,0,975,6811,9,7,6,0,7,Research & Development,Healthcare Representative
29,No,0,1090,2297,2,2,2,2,2,Sales,Sales Representative
53,No,0,346,2450,19,2,2,2,2,Research & Development,Laboratory Technician
35,No,0,1225,5093,16,1,0,0,0,Research & Development,Healthcare Representative
32,No,0,430,5309,10,10,8,4,7,Research & Development,Laboratory Technician
38,No,0,268,3057,6,1,0,0,1,Research & Development,Research Scientist
34,No,0,167,5121,7,0,0,0,0,Research & Development,Manufacturing Director
52,No,0,621,16856,34,34,6,1,16,Sales,Manager
33,Yes,1,527,2686,10,10,9,7,8,Research & Development,Research Scientist
25,No,0,883,6180,6,6,5,1,4,Sales,Sales Executive
45,No,0,954,6632,9,8,7,3,1,Sales,Sales Representative
23,No,0,310,3505,2,2,2,0,2,Research & Development,Research Scientist
47,Yes,1,719,6397,8,5,4,1,3,Sales,Sales Executive
34,No,0,304,6274,6,6,5,1,4,Sales,Sales Executive
55,Yes,1,725,19859,24,5,2,1,4,Research & Development,Manager
36,No,0,1434,7587,10,10,7,0,9,Sales,Sales Executive
52,No,0,715,4258,5,4,3,1,2,Research & Development,Research Scientist
26,No,0,575,4364,5,2,2,2,0,Research & Development,Laboratory Technician
29,No,0,657,4335,11,8,7,1,1,Research & Development,Healthcare Representative
26,Yes,1,1146,5326,6,4,3,1,2,Sales,Sales Executive
34,No,0,182,3280,10,4,2,1,3,Research & Development,Research Scientist
54,No,0,376,5485,9,5,3,1,4,Research & Development,Manufacturing Director
27,No,0,829,4342,5,4,2,1,1,Sales,Sales Executive
37,No,0,571,2782,6,5,3,4,3,Research & Development,Research Scientist
38,No,0,240,5980,17,15,7,4,12,Research & Development,Manufacturing Director
34,No,0,121,4381,6,6,5,1,3,Research & Development,Research Scientist
35,No,0,384,2572,3,3,2,0,2,Sales,Sales Representative
30,No,0,921,3833,7,2,2,0,2,Research & Development,Laboratory Technician
40,No,0,791,4244,8,8,7,3,7,Research & Development,Healthcare Representative
34,No,0,1111,6500,6,3,2,1,2,Sales,Sales Executive
42,No,0,570,18430,24,24,7,14,9,Research & Development,Manager
23,Yes,1,1243,1601,1,0,0,0,0,Research & Development,Laboratory Technician
24,No,0,1092,2694,1,1,0,0,0,Research & Development,Laboratory Technician
52,No,0,1325,3149,9,5,2,1,4,Research & Development,Laboratory Technician
50,No,0,691,17639,30,4,3,0,3,Research & Development,Research Director
29,Yes,1,805,2319,1,1,0,0,0,Research & Development,Laboratory Technician
33,No,0,213,11691,14,13,9,3,7,Research & Development,Research Director
33,Yes,1,118,5324,6,3,2,0,2,Sales,Sales Executive
47,No,0,202,16752,26,26,14,3,0,Research & Development,Manager
36,No,0,676,5228,10,9,7,0,5,Research & Development,Manufacturing Director
29,No,0,1252,2700,10,10,7,0,7,Research & Development,Research Scientist
58,Yes,1,286,19246,40,31,15,13,8,Research & Development,Research Director
35,No,0,1258,2506,7,2,2,2,2,Research & Development,Research Scientist
42,No,0,932,6062,8,4,3,0,2,Research & Development,Manufacturing Director
28,Yes,1,890,4382,5,2,2,2,1,Research & Development,Research Scientist
36,No,0,1041,2143,8,5,2,0,4,Human Resources,Human Resources
32,No,0,859,6162,14,14,13,6,8,Research & Development,Manufacturing Director
40,No,0,720,5094,10,1,0,0,0,Research & Development,Laboratory Technician
30,No,0,946,6877,12,0,0,0,0,Research & Development,Manufacturing Director
45,No,0,252,2274,1,1,0,0,0,Research & Development,Research Scientist
42,No,0,933,4434,10,9,8,7,8,Research & Development,Manufacturing Director
38,No,0,471,6288,13,4,3,1,2,Research & Development,Healthcare Representative
34,No,0,702,2553,6,5,2,1,3,Research & Development,Research Scientist
49,Yes,1,1184,7654,9,9,8,7,7,Sales,Sales Executive
55,Yes,1,436,5160,12,9,7,7,3,Sales,Sales Executive
43,No,0,589,17159,22,4,1,1,0,Research & Development,Research Director
27,No,0,269,12808,9,9,8,0,8,Research & Development,Research Director
35,No,0,950,10221,17,8,5,1,6,Research & Development,Manufacturing Director
28,No,0,760,4779,8,8,7,7,5,Sales,Sales Executive
34,No,0,829,3737,4,3,2,0,2,Human Resources,Human Resources
26,Yes,1,887,2366,8,8,7,1,7,Research & Development,Research Scientist
27,No,0,443,1706,0,0,0,0,0,Research & Development,Research Scientist
51,No,0,1318,16307,29,20,6,4,17,Sales,Manager
44,No,0,625,5933,10,5,2,2,3,Research & Development,Healthcare Representative
25,No,0,180,3424,6,4,3,0,1,Research & Development,Research Scientist
33,No,0,586,4037,9,9,8,0,8,Sales,Sales Executive
35,No,0,1343,2559,6,6,5,1,1,Research & Development,Research Scientist
36,No,0,928,6201,18,18,14,4,11,Sales,Sales Executive
32,No,0,117,4403,8,5,2,0,3,Sales,Sales Executive
30,No,0,1012,3761,10,5,4,0,3,Research & Development,Research Scientist
53,No,0,661,10934,35,5,2,0,4,Sales,Sales Executive
45,No,0,930,10761,18,5,4,0,2,Sales,Sales Executive
32,No,0,638,5175,9,5,3,1,3,Research & Development,Research Scientist
52,No,0,890,13826,31,9,8,0,0,Research & Development,Manufacturing Director
37,No,0,342,6334,9,1,0,0,0,Sales,Sales Executive
28,No,0,1169,4936,6,5,1,0,4,Human Resources,Human Resources
22,No,0,1230,4775,4,2,2,2,2,Research & Development,Manufacturing Director
44,No,0,986,2818,10,3,2,0,2,Research & Development,Laboratory Technician
42,No,0,1271,2515,8,2,1,2,2,Research & Development,Research Scientist
36,No,0,1278,2342,6,5,4,0,3,Human Resources,Human Resources
25,No,0,141,4194,5,5,3,0,3,Sales,Sales Executive
35,No,0,607,10685,17,17,14,5,15,Research & Development,Manufacturing Director
35,Yes,1,130,2022,10,10,2,7,8,Research & Development,Research Scientist
32,No,0,300,2314,4,3,0,0,2,Research & Development,Laboratory Technician
25,No,0,583,4256,5,5,2,0,3,Sales,Sales Executive
49,No,0,1418,3580,7,4,2,0,2,Research & Development,Research Scientist
24,No,0,1269,3162,6,5,2,3,4,Research & Development,Laboratory Technician
32,No,0,379,6524,10,10,8,5,3,Sales,Sales Executive
38,No,0,395,2899,3,2,2,1,2,Sales,Sales Representative
42,No,0,1265,5231,17,5,3,1,3,Research & Development,Laboratory Technician
31,No,0,1222,2356,8,6,4,0,2,Research & Development,Research Scientist
29,Yes,1,341,2800,5,3,2,0,2,Sales,Sales Representative
53,No,0,868,11836,28,2,0,2,2,Sales,Sales Executive
35,No,0,672,10903,16,13,10,4,8,Research & Development,Manufacturing Director
37,No,0,1231,2973,10,5,4,0,0,Sales,Sales Representative
53,No,0,102,14275,33,12,9,3,8,Research & Development,Research Director
43,No,0,422,5562,12,5,2,2,2,Research & Development,Healthcare Representative
47,No,0,249,4537,8,7,6,7,7,Sales,Sales Executive
37,No,0,1252,7642,10,10,0,0,9,Sales,Sales Executive
50,No,0,881,17924,31,31,6,14,7,Research & Development,Manager
39,No,0,1383,5204,13,5,4,0,4,Human Resources,Human Resources
33,No,0,1075,2277,7,4,3,0,3,Human Resources,Human Resources
32,Yes,1,374,2795,1,1,0,0,1,Research & Development,Laboratory Technician
29,No,0,1086,2532,8,4,3,0,3,Research & Development,Laboratory Technician
44,No,0,661,2559,8,8,7,7,1,Research & Development,Research Scientist
28,No,0,821,4908,4,4,2,0,2,Sales,Sales Executive
58,Yes,1,781,2380,3,1,0,0,0,Research & Development,Laboratory Technician
43,No,0,177,4765,4,1,0,0,0,Research & Development,Manufacturing Director
20,Yes,1,500,2044,2,2,2,0,2,Sales,Sales Representative
21,Yes,1,1427,2693,1,1,0,0,0,Research & Development,Research Scientist
36,No,0,1425,6586,17,16,8,4,11,Research & Development,Healthcare Representative
47,No,0,1454,3294,3,3,2,1,2,Sales,Sales Representative
22,Yes,1,617,4171,4,3,2,0,2,Research & Development,Manufacturing Director
41,Yes,1,1085,2778,10,7,7,1,0,Research & Development,Laboratory Technician
28,No,0,995,2377,6,2,2,2,2,Research & Development,Research Scientist
39,Yes,1,1122,2404,8,2,2,2,2,Research & Development,Laboratory Technician
27,No,0,618,2318,1,1,1,0,0,Research & Development,Research Scientist
34,No,0,546,2008,1,1,0,1,0,Research & Development,Laboratory Technician
42,No,0,462,6244,10,5,4,0,3,Sales,Sales Executive
33,No,0,1198,2799,6,3,2,0,2,Research & Development,Research Scientist
58,No,0,1272,10552,24,6,0,0,4,Research & Development,Healthcare Representative
31,No,0,154,2329,13,7,7,5,2,Sales,Sales Representative
35,No,0,1137,4014,10,10,6,0,7,Research & Development,Healthcare Representative
49,No,0,527,7403,29,26,9,1,7,Research & Development,Laboratory Technician
48,No,0,1469,2259,13,0,0,0,0,Research & Development,Research Scientist
31,No,0,1188,6932,9,9,8,0,0,Sales,Sales Executive
36,No,0,188,4678,8,6,2,0,1,Research & Development,Research Scientist
38,No,0,1333,13582,15,15,12,5,11,Research & Development,Research Director
32,No,0,1184,2332,5,3,0,0,2,Research & Development,Laboratory Technician
25,Yes,1,867,2413,1,1,0,0,0,Sales,Sales Representative
40,No,0,658,9705,11,1,0,0,0,Sales,Sales Executive
26,No,0,1283,4294,7,7,7,0,7,Sales,Sales Executive
41,No,0,263,4721,20,18,13,2,17,Research & Development,Laboratory Technician
36,No,0,938,2519,16,11,8,3,9,Research & Development,Laboratory Technician
19,Yes,1,419,2121,1,1,0,0,0,Sales,Sales Representative
20,Yes,1,129,2973,1,1,0,0,0,Research & Development,Laboratory Technician
31,No,0,616,5855,10,9,7,8,5,Research & Development,Healthcare Representative
40,No,0,1469,3617,3,1,1,0,0,Research & Development,Research Scientist
32,No,0,498,6725,8,8,7,6,3,Research & Development,Manufacturing Director
36,Yes,1,530,10325,16,16,7,3,7,Sales,Sales Executive
33,No,0,1069,6949,6,5,0,1,4,Research & Development,Healthcare Representative
37,Yes,1,625,10609,17,14,1,11,7,Sales,Sales Executive
45,No,0,805,4447,9,9,7,0,8,Research & Development,Laboratory Technician
29,No,0,1404,2157,3,3,1,0,2,Sales,Sales Representative
35,No,0,1219,4601,5,5,2,1,0,Sales,Sales Executive
52,No,0,1053,17099,26,9,8,7,8,Research & Development,Manager
58,Yes,1,289,2479,7,1,0,0,0,Research & Development,Research Scientist
53,No,0,1376,14852,22,17,13,15,2,Sales,Manager
30,No,0,231,7264,10,8,4,7,7,Sales,Sales Executive
38,No,0,152,5666,6,5,3,1,3,Sales,Sales Executive
35,No,0,882,7823,12,10,9,0,8,Sales,Sales Executive
39,No,0,903,7880,9,8,7,0,7,Sales,Sales Executive
40,Yes,1,1479,13194,22,1,0,0,0,Sales,Sales Executive
47,No,0,1379,5067,20,19,10,2,7,Research & Development,Manufacturing Director
36,No,0,1229,5079,12,7,7,0,7,Sales,Sales Executive
31,Yes,1,335,2321,4,3,2,1,2,Research & Development,Research Scientist
33,No,0,722,17444,10,10,8,6,0,Sales,Manager
29,Yes,1,906,2404,3,0,0,0,0,Research & Development,Research Scientist
33,No,0,461,3452,5,3,2,0,2,Research & Development,Research Scientist
45,No,0,974,2270,8,5,3,0,2,Research & Development,Laboratory Technician
50,No,0,1126,17399,32,5,4,1,3,Research & Development,Research Director
33,No,0,827,5488,6,6,5,1,2,Research & Development,Healthcare Representative
41,No,0,840,19419,21,18,16,0,11,Research & Development,Research Director
27,No,0,1134,2811,4,2,2,2,2,Research & Development,Laboratory Technician
45,No,0,248,3633,9,9,8,0,8,Research & Development,Laboratory Technician
47,No,0,955,4163,9,9,0,0,7,Sales,Sales Executive
30,Yes,1,138,2132,7,5,2,0,1,Research & Development,Research Scientist
50,No,0,939,13973,22,12,11,1,5,Research & Development,Manufacturing Director
38,No,0,1391,2684,3,2,1,0,2,Research & Development,Research Scientist
46,No,0,566,10845,13,8,7,0,7,Research & Development,Manufacturing Director
24,No,0,1206,4377,5,4,2,3,2,Research & Development,Manufacturing Director
35,Yes,1,622,3743,5,4,2,0,2,Research & Development,Laboratory Technician
31,No,0,853,4148,4,4,3,0,3,Research & Development,Manufacturing Director
18,No,0,287,1051,0,0,0,0,0,Research & Development,Research Scientist
54,No,0,1441,10739,22,10,7,0,8,Research & Development,Manufacturing Director
35,No,0,583,10388,16,16,10,10,1,Research & Development,Healthcare Representative
30,No,0,153,11416,9,8,7,1,7,Research & Development,Research Director
20,Yes,1,1097,2600,1,1,0,0,0,Research & Development,Research Scientist
30,Yes,1,109,2422,4,3,2,1,2,Research & Development,Laboratory Technician
26,No,0,1066,5472,8,8,7,1,3,Research & Development,Manufacturing Director
22,No,0,217,2451,4,4,3,1,1,Research & Development,Laboratory Technician
48,No,0,277,4240,19,2,2,2,2,Research & Development,Healthcare Representative
48,No,0,1355,10999,27,15,11,4,8,Research & Development,Healthcare Representative
41,No,0,549,5003,8,2,2,2,1,Research & Development,Manufacturing Director
39,No,0,466,12742,21,21,6,11,8,Research & Development,Manufacturing Director
27,No,0,1055,4227,4,3,2,2,2,Research & Development,Manufacturing Director
35,No,0,802,3917,3,3,2,1,2,Research & Development,Laboratory Technician
42,No,0,265,18303,21,1,0,0,0,Sales,Manager
50,No,0,804,2380,8,1,0,0,0,Research & Development,Laboratory Technician
59,No,0,715,13726,30,5,3,4,3,Research & Development,Manufacturing Director
37,Yes,1,1141,4777,15,1,0,0,0,Research & Development,Healthcare Representative
55,No,0,135,6385,17,8,7,6,7,Research & Development,Healthcare Representative
41,No,0,247,19973,21,21,16,5,10,Research & Development,Research Director
38,No,0,1035,6861,19,1,0,0,0,Sales,Sales Executive
26,Yes,1,265,4969,7,2,2,2,2,Sales,Sales Executive
52,Yes,1,266,19845,33,32,14,6,9,Sales,Manager
44,No,0,1448,13320,23,12,11,11,11,Sales,Sales Executive
50,No,0,145,6347,19,18,7,0,13,Sales,Sales Executive
36,Yes,1,885,2743,18,17,13,15,14,Research & Development,Laboratory Technician
39,No,0,945,10880,21,21,6,2,8,Research & Development,Manufacturing Director
33,No,0,1038,2342,3,2,2,2,2,Sales,Sales Representative
45,No,0,1234,17650,26,9,3,1,1,Sales,Manager
32,No,0,1109,4025,10,8,7,7,7,Research & Development,Laboratory Technician
34,No,0,216,9725,16,15,1,0,9,Sales,Sales Executive
59,No,0,1089,11904,14,6,4,0,4,Sales,Manager
45,No,0,788,2177,6,6,3,0,4,Human Resources,Human Resources
53,No,0,124,7525,30,15,7,6,12,Sales,Sales Executive
36,Yes,1,660,4834,9,1,0,0,0,Research & Development,Laboratory Technician
26,Yes,1,342,2042,6,3,2,1,2,Research & Development,Research Scientist
34,No,0,1333,2220,1,1,1,0,0,Sales,Sales Representative
28,No,0,1144,1052,1,1,0,0,0,Sales,Sales Representative
38,No,0,1186,2821,8,2,2,2,2,Research & Development,Research Scientist
50,No,0,1464,19237,29,8,1,7,7,Research & Development,Research Director
37,No,0,124,4107,8,4,3,0,1,Research & Development,Healthcare Representative
40,No,0,300,8396,8,7,7,7,5,Sales,Sales Executive
26,No,0,921,2007,5,5,3,1,3,Research & Development,Research Scientist
46,No,0,430,19627,23,2,2,2,2,Research & Development,Research Director
54,No,0,1082,10686,13,9,4,7,0,Sales,Sales Executive
56,No,0,1240,2942,18,5,4,0,3,Research & Development,Research Scientist
36,No,0,796,8858,15,14,8,7,8,Research & Development,Manufacturing Director
55,No,0,444,16756,31,9,7,6,2,Research & Development,Manager
43,No,0,415,10798,18,1,0,0,0,Sales,Sales Executive
20,Yes,1,769,2323,2,2,2,0,2,Sales,Sales Representative
21,Yes,1,1334,1416,1,1,0,1,0,Research & Development,Laboratory Technician
46,No,0,1003,4615,19,16,13,1,7,Research & Development,Research Scientist
51,Yes,1,1323,2461,18,10,0,2,7,Research & Development,Research Scientist
28,Yes,1,1366,8722,10,10,7,1,9,Research & Development,Healthcare Representative
26,No,0,192,3955,6,5,3,1,3,Research & Development,Laboratory Technician
30,No,0,1176,9957,7,6,2,0,2,Research & Development,Manufacturing Director
41,No,0,509,3376,10,10,6,0,8,Research & Development,Research Scientist
38,No,0,330,8823,20,19,9,1,9,Research & Development,Healthcare Representative
40,No,0,1492,10322,14,11,10,11,1,Research & Development,Healthcare Representative
27,No,0,1277,4621,3,3,2,1,2,Research & Development,Laboratory Technician
55,No,0,1091,10976,23,3,2,1,2,Research & Development,Manufacturing Director
28,No,0,857,3660,10,8,7,1,7,Research & Development,Research Scientist
44,Yes,1,1376,10482,24,20,6,3,6,Human Resources,Human Resources
33,No,0,654,7119,9,3,2,1,2,Research & Development,Healthcare Representative
35,Yes,1,1204,9582,9,8,7,4,7,Sales,Sales Executive
33,Yes,1,827,4508,14,13,7,3,8,Research & Development,Research Scientist
28,No,0,895,2207,4,4,2,2,2,Research & Development,Laboratory Technician
34,No,0,618,7756,7,6,2,0,4,Research & Development,Healthcare Representative
37,No,0,309,6694,8,1,0,0,0,Sales,Sales Executive
25,Yes,1,1219,3691,7,7,7,5,6,Research & Development,Laboratory Technician
26,Yes,1,1330,2377,1,1,1,0,0,Research & Development,Laboratory Technician
33,Yes,1,1017,2313,5,2,2,2,2,Research & Development,Research Scientist
42,No,0,469,17665,23,22,6,13,7,Research & Development,Manager
28,Yes,1,1009,2596,1,1,0,0,0,Research & Development,Laboratory Technician
50,Yes,1,959,4728,5,0,0,0,0,Sales,Sales Executive
33,No,0,970,4302,4,3,2,0,2,Sales,Sales Executive
34,No,0,697,2979,6,0,0,0,0,Research & Development,Research Scientist
48,No,0,1262,16885,27,5,4,2,1,Research & Development,Manager
45,No,0,1050,5593,15,15,10,4,12,Sales,Sales Executive
52,No,0,994,10445,18,8,6,4,0,Research & Development,Healthcare Representative
38,No,0,770,8740,9,8,7,2,7,Sales,Sales Executive
29,No,0,1107,2514,11,7,5,1,7,Research & Development,Research Scientist
28,No,0,950,7655,10,9,7,1,7,Research & Development,Manufacturing Director
46,No,0,406,17465,23,12,9,4,9,Sales,Manager
38,No,0,130,7351,10,1,0,0,0,Sales,Sales Executive
43,No,0,1082,10820,18,8,7,0,1,Research & Development,Manufacturing Director
39,Yes,1,203,12169,21,18,7,11,5,Research & Development,Healthcare Representative
40,No,0,1308,19626,21,20,7,4,9,Research & Development,Research Director
21,No,0,984,2070,2,2,2,2,2,Research & Development,Research Scientist
39,No,0,439,6782,9,5,4,0,3,Research & Development,Laboratory Technician
36,No,0,217,7779,18,11,9,0,9,Research & Development,Manufacturing Director
31,No,0,793,2791,3,2,2,2,2,Sales,Sales Representative
28,No,0,1451,3201,6,5,3,0,4,Research & Development,Research Scientist
35,No,0,1182,4968,5,5,2,0,2,Sales,Sales Executive
49,No,0,174,13120,22,9,8,2,3,Sales,Sales Executive
34,No,0,1003,4033,5,3,2,0,2,Research & Development,Manufacturing Director
29,No,0,490,3291,8,7,5,1,1,Research & Development,Research Scientist
42,No,0,188,4272,16,1,0,0,0,Research & Development,Laboratory Technician
29,No,0,718,5056,10,10,7,1,2,Research & Development,Manufacturing Director
38,No,0,433,2844,7,7,6,5,0,Human Resources,Human Resources
28,No,0,773,2703,3,3,1,0,2,Research & Development,Research Scientist
18,Yes,1,247,1904,0,0,0,0,0,Research & Development,Laboratory Technician
33,Yes,1,603,8224,6,5,2,0,3,Sales,Sales Executive
41,No,0,167,4766,6,1,0,0,0,Research & Development,Laboratory Technician
31,Yes,1,874,2610,2,2,2,2,2,Research & Development,Laboratory Technician
37,No,0,367,5731,9,6,2,1,3,Research & Development,Healthcare Representative
27,No,0,199,2539,4,4,2,2,2,Research & Development,Research Scientist
34,No,0,1400,5714,6,6,5,1,3,Sales,Sales Executive
35,No,0,528,4323,6,5,4,1,4,Human Resources,Human Resources
29,Yes,1,408,7336,11,11,8,3,10,Sales,Sales Executive
40,No,0,593,13499,20,18,7,2,13,Research & Development,Research Director
42,Yes,1,481,13758,22,21,9,13,14,Sales,Sales Executive
42,No,0,647,5155,9,6,4,1,5,Sales,Sales Executive
35,No,0,982,2258,10,8,0,1,7,Research & Development,Laboratory Technician
24,No,0,477,3597,6,4,3,1,2,Research & Development,Laboratory Technician
28,Yes,1,1485,2515,1,1,1,0,0,Research & Development,Laboratory Technician
26,No,0,1384,4420,8,8,7,0,7,Research & Development,Laboratory Technician
30,No,0,852,6578,10,10,3,1,4,Sales,Sales Executive
40,No,0,902,4422,16,1,1,0,0,Research & Development,Research Scientist
35,No,0,819,10274,15,7,7,6,4,Research & Development,Manufacturing Director
34,No,0,669,5343,14,13,9,4,9,Research & Development,Healthcare Representative
35,No,0,636,2376,2,2,2,2,2,Research & Development,Laboratory Technician
43,Yes,1,1372,5346,7,4,3,1,3,Sales,Sales Executive
32,No,0,862,2827,1,1,0,0,0,Sales,Sales Representative
56,No,0,718,19943,28,5,2,4,2,Research & Development,Manager
29,No,0,1401,3131,10,10,8,0,8,Research & Development,Laboratory Technician
19,No,0,645,2552,1,1,1,0,0,Research & Development,Research Scientist
45,No,0,1457,4477,7,3,2,0,2,Research & Development,Research Scientist
37,No,0,977,6474,14,14,8,3,11,Research & Development,Manufacturing Director
20,No,0,805,3033,2,2,2,1,2,Research & Development,Laboratory Technician
44,Yes,1,1097,2936,6,6,4,0,2,Research & Development,Research Scientist
53,No,0,1223,18606,26,7,7,4,7,Research & Development,Manager
29,No,0,942,2168,6,5,4,1,3,Research & Development,Research Scientist
22,Yes,1,1256,2853,1,0,0,0,0,Research & Development,Research Scientist
46,No,0,1402,17048,28,26,15,15,9,Sales,Manager
44,No,0,111,2290,6,0,0,0,0,Research & Development,Research Scientist
33,No,0,147,3600,5,5,4,1,4,Human Resources,Human Resources
41,Yes,1,906,2107,5,1,0,0,0,Research & Development,Research Scientist
30,No,0,1329,4115,8,4,3,0,3,Sales,Sales Executive
40,No,0,1184,4327,5,0,0,0,0,Sales,Sales Executive
50,No,0,1421,17856,32,2,2,2,2,Research & Development,Manager
28,No,0,1179,3196,6,6,5,3,3,Research & Development,Laboratory Technician
46,No,0,1450,19081,25,4,2,0,3,Research & Development,Research Director
35,No,0,1361,8966,15,7,7,1,7,Sales,Sales Executive
24,Yes,1,984,2210,1,1,0,0,0,Research & Development,Laboratory Technician
33,No,0,1146,4539,10,10,7,0,1,Sales,Sales Executive
36,No,0,917,2741,7,7,7,1,7,Research & Development,Laboratory Technician
30,No,0,853,3491,10,10,7,8,9,Research & Development,Laboratory Technician
44,No,0,200,4541,20,20,11,13,17,Research & Development,Research Scientist
20,No,0,654,2678,2,2,1,2,2,Sales,Sales Representative
46,No,0,150,7379,12,6,3,1,4,Research & Development,Manufacturing Director
42,No,0,179,6272,10,4,3,0,3,Human Resources,Human Resources
60,No,0,696,5220,12,11,7,1,9,Sales,Sales Executive
32,No,0,116,2743,2,2,2,2,2,Research & Development,Laboratory Technician
32,No,0,1316,4998,10,8,7,0,7,Research & Development,Research Scientist
36,No,0,363,10252,17,7,7,7,7,Research & Development,Manufacturing Director
33,No,0,117,2781,15,14,10,4,10,Research & Development,Research Scientist
40,No,0,107,6852,7,5,1,1,3,Sales,Sales Executive
25,No,0,1356,4950,5,4,3,1,1,Sales,Sales Executive
30,No,0,1465,3579,12,11,9,5,7,Research & Development,Research Scientist
42,No,0,458,13191,20,1,0,0,0,Research & Development,Research Director
35,No,0,1212,10377,16,13,2,4,12,Sales,Sales Executive
27,No,0,1103,2235,9,9,7,6,8,Research & Development,Research Scientist
54,No,0,966,10502,33,5,4,1,4,Research & Development,Manufacturing Director
44,No,0,1117,2011,10,10,5,7,7,Research & Development,Research Scientist
19,Yes,1,504,1859,1,1,1,0,0,Research & Development,Research Scientist
29,No,0,1010,3760,3,3,2,1,2,Research & Development,Research Scientist
54,No,0,685,17779,36,10,9,0,9,Research & Development,Research Director
31,No,0,1332,6833,6,6,5,0,1,Research & Development,Healthcare Representative
31,No,0,1062,6812,10,10,9,1,8,Research & Development,Healthcare Representative
59,No,0,326,5171,13,6,1,0,5,Sales,Sales Executive
43,No,0,920,19740,25,8,7,0,7,Research & Development,Research Director
49,No,0,1098,18711,23,1,0,0,0,Research & Development,Manager
36,No,0,469,3692,12,11,10,0,7,Research & Development,Research Scientist
48,No,0,969,2559,7,1,0,0,0,Research & Development,Laboratory Technician
27,No,0,1167,2517,5,5,3,0,3,Research & Development,Research Scientist
29,No,0,1329,6623,6,6,0,1,0,Research & Development,Healthcare Representative
48,No,0,715,18265,25,1,0,0,0,Research & Development,Research Director
29,No,0,694,16124,9,7,7,1,7,Research & Development,Research Director
34,No,0,1320,2585,2,1,0,0,0,Research & Development,Research Scientist
44,No,0,1099,18213,26,22,9,3,10,Sales,Manager
33,No,0,536,8380,10,9,8,0,8,Sales,Sales Executive
19,No,0,265,2994,1,1,0,0,1,Research & Development,Research Scientist
23,No,0,373,1223,1,1,0,0,1,Research & Development,Research Scientist
25,Yes,1,599,1118,1,1,0,1,0,Sales,Sales Representative
26,No,0,583,2875,8,8,5,2,2,Research & Development,Research Scientist
45,Yes,1,1449,18824,26,24,10,1,11,Sales,Manager
55,No,0,177,13577,34,33,9,15,0,Research & Development,Healthcare Representative
21,Yes,1,251,2625,2,2,2,2,2,Research & Development,Laboratory Technician
46,No,0,168,18789,26,11,4,0,8,Sales,Manager
34,No,0,131,4538,4,3,2,0,2,Sales,Sales Executive
51,No,0,237,19847,31,29,10,11,10,Sales,Manager
59,No,0,1429,10512,25,9,7,5,4,Research & Development,Manufacturing Director
34,No,0,135,4444,15,11,8,5,10,Research & Development,Laboratory Technician
28,No,0,791,2154,5,4,2,0,2,Research & Development,Laboratory Technician
44,No,0,1199,19190,26,25,9,14,13,Research & Development,Manager
34,No,0,648,4490,14,10,9,1,8,Human Resources,Human Resources
35,No,0,735,3506,4,3,2,2,2,Research & Development,Research Scientist
42,No,0,603,2372,18,1,0,0,0,Research & Development,Research Scientist
43,No,0,531,10231,23,21,7,15,17,Sales,Sales Executive
36,No,0,429,5410,18,16,14,5,12,Research & Development,Manufacturing Director
44,Yes,1,621,7978,10,10,7,0,5,Research & Development,Healthcare Representative
28,No,0,193,3867,2,2,2,2,2,Research & Development,Laboratory Technician
51,No,0,968,2838,8,7,0,7,7,Research & Development,Laboratory Technician
30,No,0,879,4695,10,8,4,1,7,Research & Development,Manufacturing Director
29,Yes,1,806,3339,10,7,7,7,7,Research & Development,Laboratory Technician
28,No,0,640,2080,5,3,2,1,2,Research & Development,Research Scientist
25,No,0,266,2096,2,2,2,2,1,Research & Development,Research Scientist
32,No,0,604,6209,10,10,7,0,8,Sales,Sales Executive
45,No,0,364,18061,22,0,0,0,0,Research & Development,Manager
39,No,0,412,17123,21,19,9,15,2,Research & Development,Manager
58,No,0,848,2372,2,2,2,2,2,Research & Development,Research Scientist
32,Yes,1,1089,4883,10,10,4,1,1,Research & Development,Laboratory Technician
39,Yes,1,360,3904,6,5,2,0,3,Research & Development,Research Scientist
30,No,0,1138,4627,10,9,2,6,7,Research & Development,Laboratory Technician
36,No,0,325,7094,10,7,7,1,7,Research & Development,Healthcare Representative
46,No,0,991,3423,10,7,6,5,7,Human Resources,Human Resources
28,No,0,1476,6674,10,9,8,7,5,Research & Development,Laboratory Technician
50,No,0,1322,16880,25,3,2,1,2,Research & Development,Research Director
40,Yes,1,299,9094,9,5,4,1,0,Sales,Sales Executive
52,Yes,1,1030,8446,10,8,7,7,7,Sales,Sales Executive
30,No,0,634,11916,9,9,1,0,8,Research & Development,Manager
39,No,0,524,4534,9,8,7,1,7,Research & Development,Manufacturing Director
31,No,0,587,9852,10,10,8,9,6,Sales,Sales Executive
41,No,0,256,6151,19,19,2,11,9,Sales,Sales Executive
31,Yes,1,1060,2302,3,3,2,2,2,Sales,Sales Representative
44,Yes,1,935,2362,10,3,2,1,2,Research & Development,Laboratory Technician
42,No,0,495,17861,21,20,8,2,10,Research & Development,Manager
55,No,0,282,19187,23,19,9,9,11,Research & Development,Manager
56,No,0,206,19717,36,7,3,7,7,Human Resources,Manager
40,No,0,458,3544,6,4,2,0,0,Research & Development,Research Scientist
34,No,0,943,8500,10,9,7,1,6,Research & Development,Healthcare Representative
40,No,0,523,4661,9,9,8,8,8,Research & Development,Research Scientist
41,No,0,1018,4103,10,9,3,1,7,Sales,Sales Executive
35,No,0,482,4249,9,9,6,1,1,Research & Development,Research Scientist
51,No,0,770,14026,33,33,9,0,10,Human Resources,Manager
38,No,0,1009,6893,11,7,7,1,7,Sales,Sales Executive
34,No,0,507,6125,10,10,8,9,6,Sales,Sales Executive
25,No,0,882,3669,7,3,2,1,2,Research & Development,Laboratory Technician
58,Yes,1,601,10008,31,10,9,5,9,Research & Development,Manufacturing Director
40,No,0,329,2387,7,4,2,0,3,Research & Development,Laboratory Technician
36,No,0,607,4639,17,15,7,6,13,Sales,Sales Executive
48,No,0,855,7898,11,10,9,0,8,Research & Development,Manufacturing Director
27,No,0,1291,2534,5,1,0,0,0,Sales,Sales Representative
51,No,0,1405,13142,29,5,2,0,3,Research & Development,Manufacturing Director
18,No,0,1124,1611,0,0,0,0,0,Research & Development,Laboratory Technician
35,No,0,817,5363,10,9,7,0,0,Research & Development,Laboratory Technician
27,No,0,793,5071,8,6,2,0,0,Sales,Sales Executive
55,Yes,1,267,13695,24,19,7,3,8,Sales,Sales Executive
56,No,0,1369,13402,33,19,16,15,9,Research & Development,Manufacturing Director
34,No,0,999,2029,5,5,4,0,0,Research & Development,Research Scientist
40,No,0,1202,6377,15,12,11,11,8,Research & Development,Healthcare Representative
34,No,0,285,5429,10,8,7,7,7,Research & Development,Laboratory Technician
31,Yes,1,703,2785,3,1,0,0,0,Sales,Sales Representative
35,Yes,1,662,4614,5,4,2,3,2,Sales,Sales Executive
38,No,0,693,2610,4,4,2,0,3,Research & Development,Research Scientist
34,No,0,404,6687,14,14,11,4,11,Research & Development,Healthcare Representative
28,No,0,736,4724,5,5,3,0,4,Sales,Sales Executive
31,Yes,1,330,6179,10,10,2,6,7,Research & Development,Manufacturing Director
39,No,0,1498,6120,8,5,4,1,4,Sales,Sales Executive
51,No,0,541,10596,14,4,2,3,2,Sales,Sales Executive
41,No,0,1200,5467,12,6,2,3,3,Research & Development,Research Scientist
37,No,0,1439,2996,8,6,4,1,3,Research & Development,Research Scientist
33,No,0,1111,9998,8,5,4,1,2,Sales,Sales Executive
32,No,0,499,4078,4,3,2,1,2,Sales,Sales Executive
39,No,0,1485,10920,13,6,4,0,5,Research & Development,Healthcare Representative
25,No,0,1372,6232,6,3,2,1,2,Sales,Sales Executive
52,No,0,322,13247,24,5,3,0,2,Research & Development,Manufacturing Director
43,No,0,930,4081,20,20,7,1,8,Research & Development,Research Scientist
27,No,0,205,5769,6,6,2,4,4,Sales,Sales Executive
27,Yes,1,135,2394,8,8,2,7,7,Research & Development,Research Scientist
26,No,0,683,3904,5,4,3,1,1,Research & Development,Research Scientist
42,No,0,1147,16799,21,20,7,0,9,Human Resources,Manager
52,No,0,258,2950,12,5,4,0,4,Research & Development,Laboratory Technician
37,No,0,1462,3629,8,3,2,0,2,Research & Development,Laboratory Technician
35,No,0,200,9362,10,2,2,2,2,Research & Development,Manufacturing Director
25,No,0,949,3229,7,3,2,0,2,Research & Development,Laboratory Technician
26,No,0,652,3578,8,7,7,0,7,Research & Development,Laboratory Technician
29,No,0,332,7988,10,10,9,0,9,Human Resources,Human Resources
49,Yes,1,1475,4284,20,4,3,1,3,Research & Development,Laboratory Technician
29,Yes,1,337,7553,9,8,7,7,7,Research & Development,Healthcare Representative
54,No,0,971,17328,29,20,7,12,7,Research & Development,Research Director
58,No,0,1055,19701,32,9,8,1,5,Research & Development,Research Director
55,No,0,1136,14732,31,7,7,0,0,Research & Development,Research Director
36,No,0,1174,9278,15,5,4,0,1,Sales,Sales Executive
31,Yes,1,667,1359,1,1,0,0,0,Sales,Sales Representative
30,No,0,855,4779,8,3,2,0,2,Sales,Sales Executive
31,No,0,182,16422,9,3,2,1,0,Research & Development,Research Director
34,No,0,560,2996,10,4,3,1,3,Research & Development,Research Scientist
31,Yes,1,202,1261,1,1,0,0,0,Research & Development,Research Scientist
27,No,0,1377,2099,6,5,0,1,4,Research & Development,Laboratory Technician
36,No,0,172,5810,10,10,4,1,8,Research & Development,Laboratory Technician
36,No,0,329,5647,11,3,2,0,2,Sales,Sales Executive
47,No,0,465,3420,17,6,5,1,2,Research & Development,Research Scientist
25,Yes,1,383,4400,6,3,2,2,2,Sales,Sales Representative
37,No,0,1413,3500,7,6,5,1,3,Research & Development,Laboratory Technician
56,No,0,1255,2066,5,3,2,1,0,Research & Development,Research Scientist
47,No,0,359,17169,26,20,17,5,6,Research & Development,Research Director
24,No,0,1476,4162,5,5,4,0,3,Sales,Sales Executive
32,No,0,601,9204,7,4,3,0,3,Sales,Sales Executive
34,No,0,401,3294,7,5,4,0,2,Research & Development,Laboratory Technician
41,No,0,1283,2127,7,4,2,0,3,Research & Development,Research Scientist
40,No,0,663,3975,11,8,7,0,7,Research & Development,Laboratory Technician
31,No,0,326,10793,13,13,7,9,9,Sales,Sales Executive
46,Yes,1,377,10096,28,7,7,4,3,Sales,Sales Executive
39,Yes,1,592,3646,11,1,0,0,0,Research & Development,Laboratory Technician
31,Yes,1,1445,7446,10,10,8,4,7,Research & Development,Manufacturing Director
45,No,0,1038,10851,24,7,7,0,7,Research & Development,Healthcare Representative
31,No,0,1398,2109,8,3,2,0,2,Human Resources,Human Resources
31,Yes,1,523,3722,7,2,2,2,2,Research & Development,Laboratory Technician
45,No,0,1448,9380,10,3,1,1,2,Research & Development,Manufacturing Director
48,No,0,1221,5486,15,2,2,2,2,Sales,Sales Executive
34,Yes,1,1107,2742,2,2,2,2,2,Human Resources,Human Resources
40,No,0,218,13757,16,9,8,4,8,Research & Development,Research Director
28,No,0,866,8463,6,5,4,1,3,Sales,Sales Executive
44,No,0,981,3162,7,5,2,0,3,Research & Development,Laboratory Technician
53,No,0,447,16598,35,9,8,8,8,Research & Development,Research Director
49,No,0,1495,6651,20,3,2,1,2,Research & Development,Healthcare Representative
40,No,0,896,2345,8,3,1,1,2,Research & Development,Research Scientist
44,No,0,1467,3420,6,5,2,1,3,Research & Development,Research Scientist
33,No,0,430,4373,5,4,3,0,3,Sales,Sales Executive
34,No,0,1326,4759,15,13,9,3,12,Sales,Sales Executive
30,No,0,1358,5301,4,2,1,2,2,Sales,Sales Executive
42,No,0,748,3673,12,12,9,5,8,Research & Development,Laboratory Technician
44,No,0,383,4768,11,1,0,0,0,Sales,Sales Executive
30,No,0,990,1274,1,1,0,0,0,Research & Development,Research Scientist
57,No,0,405,4900,13,12,9,2,8,Research & Development,Research Scientist
49,No,0,1490,10466,29,8,7,0,7,Research & Development,Healthcare Representative
34,No,0,829,17007,16,14,8,6,9,Research & Development,Research Director
28,Yes,1,1496,2909,5,3,2,1,2,Sales,Sales Representative
29,Yes,1,115,5765,7,5,3,0,0,Sales,Sales Executive
34,Yes,1,790,4599,16,15,9,10,10,Sales,Sales Executive
35,No,0,660,2404,1,1,0,0,0,Sales,Sales Representative
24,Yes,1,381,3172,4,0,0,0,0,Research & Development,Laboratory Technician
24,No,0,830,2033,1,1,0,0,0,Sales,Sales Representative
44,No,0,1193,10209,16,2,2,2,2,Research & Development,Manufacturing Director
29,No,0,1246,8620,10,10,7,0,4,Sales,Sales Executive
30,No,0,330,2064,6,5,3,1,3,Human Resources,Human Resources
55,No,0,1229,4035,4,3,2,1,2,Research & Development,Healthcare Representative
33,No,0,1099,3838,8,5,4,0,2,Research & Development,Laboratory Technician
47,No,0,571,4591,11,5,4,1,2,Sales,Sales Executive
28,Yes,1,289,2561,8,0,0,0,0,Research & Development,Laboratory Technician
28,No,0,1423,1563,1,1,0,0,0,Research & Development,Research Scientist
28,No,0,467,4898,5,4,2,1,3,Sales,Sales Executive
49,No,0,271,4789,10,3,2,1,2,Research & Development,Laboratory Technician
29,No,0,410,3180,4,3,2,0,2,Research & Development,Laboratory Technician
28,No,0,1083,6549,8,8,6,1,7,Research & Development,Manufacturing Director
33,No,0,516,6388,14,0,0,0,0,Research & Development,Healthcare Representative
32,No,0,495,11244,10,5,2,0,0,Research & Development,Manager
54,No,0,1050,16032,26,14,9,1,12,Research & Development,Manager
29,Yes,1,224,2362,11,9,7,0,7,Research & Development,Research Scientist
44,No,0,136,16328,24,20,6,14,17,Research & Development,Research Director
39,No,0,1089,8376,9,2,0,2,2,Research & Development,Manufacturing Director
46,No,0,228,16606,23,13,12,5,1,Sales,Manager
35,No,0,1029,8606,11,11,8,3,3,Research & Development,Healthcare Representative
23,No,0,507,2272,5,4,3,1,2,Research & Development,Laboratory Technician
40,Yes,1,676,2018,15,5,4,1,0,Research & Development,Laboratory Technician
34,No,0,971,7083,10,10,9,8,6,Sales,Sales Executive
31,Yes,1,561,4084,7,7,2,7,7,Research & Development,Research Scientist
50,No,0,333,14411,32,32,6,13,9,Research & Development,Research Director
34,No,0,1440,2308,12,11,10,5,7,Sales,Sales Representative
42,No,0,1210,4841,4,1,0,0,0,Research & Development,Laboratory Technician
37,No,0,674,4285,10,10,8,3,7,Research & Development,Research Scientist
29,No,0,441,9715,9,7,7,0,7,Research & Development,Healthcare Representative
33,No,0,575,4320,5,5,3,0,2,Research & Development,Manufacturing Director
45,No,0,950,2132,8,5,4,0,3,Research & Development,Research Scientist
42,No,0,288,10124,24,20,8,13,9,Research & Development,Healthcare Representative
40,No,0,1342,5473,9,8,4,7,1,Sales,Sales Executive
33,No,0,589,5207,15,15,14,5,7,Research & Development,Laboratory Technician
40,No,0,898,16437,21,21,7,7,7,Human Resources,Manager
24,No,0,350,2296,2,1,1,0,0,Research & Development,Laboratory Technician
40,No,0,1142,4069,8,2,2,2,2,Research & Development,Healthcare Representative
45,No,0,538,7441,10,10,8,7,7,Research & Development,Healthcare Representative
35,No,0,1402,2430,6,5,3,4,2,Sales,Sales Representative
32,No,0,824,5878,12,7,1,2,5,Research & Development,Research Scientist
36,No,0,1157,2644,7,3,2,1,2,Sales,Sales Representative
48,No,0,492,6439,18,8,7,7,7,Sales,Sales Executive
29,No,0,598,2451,5,1,0,0,0,Research & Development,Research Scientist
33,No,0,1242,6392,8,2,2,2,2,Sales,Sales Executive
30,Yes,1,740,9714,10,10,8,6,7,Sales,Sales Executive
38,No,0,888,6077,10,6,3,1,2,Human Resources,Human Resources
35,No,0,992,2450,3,3,0,1,2,Research & Development,Laboratory Technician
30,No,0,1288,9250,9,4,2,1,3,Sales,Sales Executive
35,Yes,1,104,2074,1,1,0,0,0,Research & Development,Laboratory Technician
53,Yes,1,607,10169,34,33,7,1,9,Research & Development,Manufacturing Director
38,Yes,1,903,4855,7,5,2,1,4,Research & Development,Manufacturing Director
32,No,0,1200,4087,9,6,5,1,2,Research & Development,Research Scientist
48,No,0,1108,2367,10,8,2,7,6,Research & Development,Research Scientist
34,No,0,479,2972,1,1,0,0,0,Research & Development,Research Scientist
55,No,0,685,19586,36,36,6,2,13,Sales,Manager
34,No,0,1351,5484,9,2,2,2,1,Research & Development,Research Scientist
26,No,0,474,2061,1,1,0,0,0,Research & Development,Research Scientist
38,No,0,1245,9924,10,9,8,7,7,Sales,Sales Executive
38,No,0,437,4198,8,3,2,1,2,Sales,Sales Executive
36,No,0,884,6815,15,1,0,0,0,Sales,Sales Executive
29,No,0,1370,4723,10,10,9,1,5,Research & Development,Laboratory Technician
35,No,0,670,6142,10,5,2,0,4,Research & Development,Healthcare Representative
39,No,0,1462,8237,11,7,6,7,6,Sales,Sales Executive
29,No,0,995,8853,6,6,4,1,3,Research & Development,Healthcare Representative
50,No,0,264,19331,27,1,0,0,0,Sales,Manager
23,No,0,977,2073,4,2,2,2,2,Research & Development,Research Scientist
36,No,0,1302,5562,9,3,2,0,2,Research & Development,Laboratory Technician
42,No,0,1059,19613,24,1,0,0,1,Research & Development,Manager
35,No,0,750,3407,10,10,9,6,8,Research & Development,Laboratory Technician
34,No,0,653,5063,8,8,2,7,7,Research & Development,Healthcare Representative
40,No,0,118,4639,5,5,4,1,2,Sales,Sales Executive
43,No,0,990,4876,8,6,4,0,2,Research & Development,Laboratory Technician
35,No,0,1349,2690,1,1,0,0,1,Research & Development,Laboratory Technician
46,No,0,563,17567,27,26,0,0,12,Sales,Manager
28,Yes,1,329,2408,1,1,1,0,0,Research & Development,Laboratory Technician
22,No,0,457,2814,4,4,2,1,3,Research & Development,Research Scientist
50,No,0,1234,11245,32,30,8,12,13,Research & Development,Healthcare Representative
32,No,0,634,3312,6,3,2,0,2,Research & Development,Research Scientist
44,No,0,1313,19049,23,22,7,1,10,Research & Development,Research Director
30,No,0,241,2141,6,6,4,1,1,Research & Development,Research Scientist
45,No,0,1015,5769,10,10,7,1,4,Research & Development,Laboratory Technician
45,No,0,336,4385,10,10,7,4,5,Sales,Sales Executive
31,No,0,715,5332,10,5,2,0,3,Sales,Sales Executive
36,No,0,559,4663,7,3,2,1,1,Research & Development,Manufacturing Director
34,No,0,426,4724,9,9,7,7,2,Research & Development,Manufacturing Director
49,No,0,722,3211,10,9,6,1,4,Research & Development,Laboratory Technician
39,No,0,1387,5377,10,7,7,7,7,Research & Development,Manufacturing Director
27,No,0,1302,4066,7,7,7,0,7,Research & Development,Laboratory Technician
35,No,0,819,5208,16,16,15,1,10,Research & Development,Research Scientist
28,No,0,580,4877,6,5,3,0,0,Research & Development,Manufacturing Director
21,No,0,546,3117,3,2,2,2,2,Research & Development,Research Scientist
18,Yes,1,544,1569,0,0,0,0,0,Sales,Sales Representative
47,No,0,1176,19658,27,5,2,1,0,Human Resources,Manager
39,No,0,170,3069,11,10,8,0,7,Research & Development,Laboratory Technician
40,No,0,884,10435,18,18,15,14,12,Research & Development,Manufacturing Director
35,No,0,208,4148,15,14,11,2,9,Research & Development,Healthcare Representative
37,No,0,671,5768,9,4,3,0,2,Research & Development,Manufacturing Director
39,No,0,711,5042,10,9,2,3,8,Research & Development,Manufacturing Director
45,No,0,1329,5770,10,10,7,3,9,Research & Development,Manufacturing Director
38,No,0,397,7756,10,5,4,0,2,Research & Development,Manufacturing Director
35,Yes,1,737,10306,15,13,12,6,0,Sales,Sales Executive
37,No,0,1470,3936,8,8,4,7,7,Research & Development,Research Scientist
40,No,0,448,7945,18,4,2,3,3,Research & Development,Manufacturing Director
44,No,0,602,5743,14,10,7,0,2,Human Resources,Human Resources
48,No,0,365,15202,23,2,2,2,2,Research & Development,Manager
35,Yes,1,763,5440,7,2,2,2,2,Sales,Sales Executive
24,No,0,567,3760,6,6,3,1,3,Research & Development,Research Scientist
27,No,0,486,3517,5,3,2,0,2,Research & Development,Research Scientist
27,No,0,591,2580,6,4,2,1,2,Research & Development,Research Scientist
40,Yes,1,1329,2166,10,4,2,0,3,Research & Development,Laboratory Technician
29,No,0,469,5869,8,5,2,1,4,Sales,Sales Executive
36,No,0,711,8008,9,3,2,0,2,Research & Development,Healthcare Representative
25,No,0,772,5206,7,7,7,0,7,Research & Development,Manufacturing Director
39,No,0,492,5295,7,5,4,1,0,Research & Development,Manufacturing Director
49,No,0,301,16413,27,4,2,1,2,Research & Development,Research Director
50,No,0,813,13269,19,14,11,1,11,Research & Development,Research Director
20,No,0,1141,2783,2,2,2,2,2,Sales,Sales Representative
34,No,0,1130,5433,11,11,8,7,9,Research & Development,Research Scientist
36,No,0,311,2013,15,4,3,1,3,Research & Development,Laboratory Technician
49,No,0,465,13966,30,15,11,2,12,Research & Development,Healthcare Representative
36,No,0,894,4374,4,3,2,1,2,Research & Development,Manufacturing Director
36,No,0,1040,6842,13,5,4,0,4,Research & Development,Healthcare Representative
54,No,0,584,17426,36,10,8,4,7,Research & Development,Manager
43,No,0,1291,17603,14,14,10,6,11,Research & Development,Research Director
35,Yes,1,880,4581,13,11,9,6,7,Sales,Sales Executive
38,No,0,1189,4735,19,13,11,2,9,Research & Development,Research Scientist
29,No,0,991,4187,10,10,0,0,9,Sales,Sales Executive
33,No,0,392,5505,6,6,2,0,4,Sales,Sales Executive
32,No,0,977,5470,10,9,5,1,6,Research & Development,Research Scientist
31,No,0,1112,5476,10,10,0,0,2,Sales,Sales Executive
49,No,0,464,2587,17,2,2,2,2,Research & Development,Laboratory Technician
38,No,0,148,2440,4,4,3,3,3,Research & Development,Laboratory Technician
47,No,0,1225,15972,29,3,2,1,2,Sales,Manager
49,No,0,809,15379,23,8,7,0,0,Research & Development,Manager
41,No,0,1206,7082,21,2,0,0,2,Sales,Sales Executive
20,No,0,727,2728,2,2,2,0,2,Sales,Sales Representative
33,No,0,530,5368,7,6,5,1,2,Sales,Sales Executive
36,No,0,1351,5347,10,3,2,0,2,Research & Development,Healthcare Representative
44,No,0,528,3195,8,2,2,2,2,Human Resources,Human Resources
23,Yes,1,1320,3989,5,5,4,1,2,Research & Development,Laboratory Technician
38,No,0,1495,3306,7,0,0,0,0,Research & Development,Laboratory Technician
53,No,0,1395,7005,11,4,3,1,2,Research & Development,Healthcare Representative
48,Yes,1,708,2655,19,9,7,7,7,Sales,Sales Representative
32,Yes,1,1259,1393,1,1,0,0,0,Research & Development,Laboratory Technician
26,No,0,786,2570,7,7,7,5,7,Research & Development,Laboratory Technician
55,No,0,1441,3537,8,4,2,1,2,Research & Development,Research Scientist
34,No,0,1157,3986,15,15,10,4,13,Research & Development,Laboratory Technician
60,No,0,370,10883,19,1,0,0,0,Research & Development,Healthcare Representative
33,No,0,267,2028,14,14,11,2,13,Research & Development,Laboratory Technician
37,No,0,1278,9525,6,6,3,1,3,Sales,Sales Executive
34,No,0,678,2929,10,10,9,8,7,Research & Development,Research Scientist
23,Yes,1,427,2275,3,3,2,0,2,Sales,Sales Representative
44,No,0,921,7879,9,8,7,6,7,Research & Development,Healthcare Representative
35,No,0,146,4930,6,5,4,1,4,Research & Development,Research Scientist
43,No,0,1179,7847,10,10,9,8,8,Sales,Sales Executive
24,No,0,581,4401,5,5,3,0,4,Research & Development,Research Scientist
41,No,0,918,9241,10,10,8,8,7,Sales,Sales Executive
29,No,0,1082,2974,9,5,3,1,2,Research & Development,Laboratory Technician
36,No,0,530,4502,17,13,7,6,7,Sales,Sales Representative
45,No,0,1238,10748,25,23,15,14,4,Research & Development,Healthcare Representative
24,Yes,1,240,1555,1,1,0,0,0,Human Resources,Human Resources
47,Yes,1,1093,12936,25,23,5,14,10,Sales,Sales Executive
26,No,0,390,2305,3,3,2,0,2,Research & Development,Laboratory Technician
45,No,0,1005,16704,21,21,6,8,6,Research & Development,Research Director
32,No,0,585,3433,10,5,2,1,3,Research & Development,Research Scientist
31,No,0,741,3477,6,5,2,0,3,Research & Development,Laboratory Technician
41,No,0,552,6430,10,3,2,1,2,Human Resources,Human Resources
40,No,0,369,6516,18,1,0,0,0,Research & Development,Manufacturing Director
24,No,0,506,3907,6,6,2,1,2,Research & Development,Laboratory Technician
46,No,0,717,5562,19,10,7,0,9,Research & Development,Healthcare Representative
35,No,0,1370,6883,17,7,7,0,7,Research & Development,Manufacturing Director
30,No,0,793,2862,10,10,0,0,8,Research & Development,Research Scientist
47,No,0,543,4978,4,1,0,0,0,Sales,Sales Executive
46,No,0,1277,10368,13,10,6,0,3,Sales,Sales Executive
36,Yes,1,1456,6134,16,2,2,2,2,Sales,Sales Executive
32,Yes,1,964,6735,10,0,0,0,0,Sales,Sales Executive
23,No,0,160,3295,3,3,2,1,2,Research & Development,Laboratory Technician
31,No,0,163,5238,9,5,4,1,4,Research & Development,Manufacturing Director
39,No,0,792,6472,9,9,8,5,8,Research & Development,Laboratory Technician
32,No,0,371,9610,10,4,3,0,2,Sales,Sales Executive
40,No,0,611,19833,21,21,8,12,8,Sales,Manager
45,No,0,176,9756,9,5,0,0,3,Human Resources,Human Resources
30,No,0,1312,4968,10,9,7,0,7,Research & Development,Research Scientist
24,No,0,897,2145,3,2,2,2,1,Human Resources,Human Resources
30,Yes,1,600,2180,6,4,2,1,2,Human Resources,Human Resources
31,No,0,1003,8346,6,5,2,0,2,Sales,Sales Executive
27,No,0,1054,3445,6,6,2,1,4,Research & Development,Research Scientist
29,Yes,1,428,2760,2,2,2,2,2,Sales,Sales Representative
29,No,0,461,6294,10,3,2,0,2,Research & Development,Healthcare Representative
30,No,0,979,7140,12,7,7,1,7,Sales,Sales Executive
34,No,0,181,2932,6,5,0,1,2,Research & Development,Research Scientist
33,No,0,1283,5147,13,11,7,1,7,Sales,Sales Executive
49,No,0,1313,4507,8,5,1,0,4,Sales,Sales Executive
33,Yes,1,211,8564,11,0,0,0,0,Sales,Sales Executive
38,No,0,594,2468,9,6,1,0,5,Research & Development,Laboratory Technician
31,Yes,1,1079,8161,10,1,0,0,0,Sales,Sales Executive
29,No,0,590,2109,1,1,0,0,0,Research & Development,Research Scientist
30,No,0,305,5294,10,7,0,1,7,Research & Development,Healthcare Representative
32,No,0,953,2718,12,7,7,0,7,Research & Development,Research Scientist
38,No,0,833,5811,15,1,0,1,0,Research & Development,Healthcare Representative
43,Yes,1,807,2437,6,1,0,0,0,Research & Development,Research Scientist
42,No,0,855,2766,7,5,3,0,4,Research & Development,Laboratory Technician
55,No,0,478,19038,34,1,0,0,0,Research & Development,Research Director
33,No,0,775,3055,11,9,8,1,7,Research & Development,Research Scientist
41,No,0,548,2289,5,5,3,0,4,Research & Development,Laboratory Technician
34,No,0,1375,4001,15,15,14,0,7,Sales,Sales Executive
53,No,0,661,12965,27,3,2,0,2,Research & Development,Manufacturing Director
43,No,0,244,3539,10,9,7,1,8,Human Resources,Human Resources
34,No,0,511,6029,6,2,2,2,2,Sales,Sales Executive
21,Yes,1,337,2679,1,1,0,1,0,Sales,Sales Representative
38,No,0,1153,3702,5,5,4,0,4,Research & Development,Laboratory Technician
22,Yes,1,1294,2398,1,1,0,0,0,Research & Development,Laboratory Technician
31,No,0,196,5468,13,12,7,5,7,Sales,Sales Executive
51,No,0,942,13116,15,2,2,2,2,Research & Development,Manager
37,No,0,589,4189,5,5,2,0,3,Sales,Sales Executive
46,No,0,734,19328,24,2,1,2,2,Research & Development,Research Director
36,No,0,1383,8321,15,12,8,5,7,Research & Development,Healthcare Representative
44,Yes,1,429,2342,6,5,3,2,3,Research & Development,Research Scientist
37,No,0,1239,4071,19,10,0,4,7,Human Resources,Human Resources
35,Yes,1,303,5813,10,10,7,7,7,Sales,Sales Executive
33,No,0,867,3143,14,10,8,7,6,Research & Development,Research Scientist
28,No,0,1181,2044,5,5,3,0,3,Research & Development,Research Scientist
39,No,0,1253,13464,9,4,3,2,2,Research & Development,Research Director
46,No,0,849,7991,6,2,2,2,2,Sales,Sales Executive
40,No,0,616,3377,7,4,3,0,2,Research & Development,Laboratory Technician
42,No,0,1128,5538,10,0,0,0,0,Research & Development,Healthcare Representative
35,No,0,1180,5762,15,7,7,1,7,Research & Development,Manufacturing Director
38,No,0,1336,2592,13,11,10,3,8,Human Resources,Human Resources
34,Yes,1,234,5346,11,7,1,0,7,Research & Development,Laboratory Technician
37,Yes,1,370,4213,10,10,3,0,8,Research & Development,Manufacturing Director
39,No,0,766,4127,7,2,1,2,2,Sales,Sales Executive
43,No,0,343,2438,7,3,2,1,2,Research & Development,Research Scientist
41,No,0,447,6870,11,3,2,1,2,Research & Development,Healthcare Representative
41,No,0,796,10447,23,22,14,13,5,Sales,Sales Executive
30,No,0,1092,9667,9,7,7,0,2,Research & Development,Manufacturing Director
26,Yes,1,920,2148,6,5,1,1,4,Human Resources,Human Resources
46,Yes,1,261,8926,13,9,7,3,7,Research & Development,Healthcare Representative
40,No,0,1194,6513,12,5,3,0,3,Research & Development,Healthcare Representative
34,No,0,810,6799,10,10,8,4,8,Sales,Sales Executive
58,No,0,350,16291,37,16,9,14,14,Sales,Manager
35,No,0,185,2705,6,5,4,0,3,Research & Development,Laboratory Technician
47,No,0,1001,10333,28,22,11,14,10,Research & Development,Manufacturing Director
40,No,0,750,4448,15,7,4,7,7,Research & Development,Healthcare Representative
54,No,0,431,6854,14,7,1,1,7,Research & Development,Research Scientist
31,No,0,1125,9637,9,3,2,2,2,Sales,Sales Executive
28,No,0,1217,3591,3,3,2,1,2,Research & Development,Research Scientist
38,No,0,723,5405,20,4,2,0,3,Sales,Sales Representative
26,No,0,572,4684,5,5,3,1,2,Sales,Sales Executive
58,No,0,1216,15787,23,2,2,2,2,Research & Development,Research Director
18,No,0,1431,1514,0,0,0,0,0,Research & Development,Research Scientist
31,Yes,1,359,2956,2,1,0,0,0,Human Resources,Human Resources
29,Yes,1,350,2335,4,2,2,2,0,Human Resources,Human Resources
45,No,0,589,5154,10,8,7,5,7,Sales,Sales Executive
36,No,0,430,6962,15,1,0,0,0,Research & Development,Research Scientist
43,No,0,1422,5675,7,7,7,7,7,Sales,Sales Executive
27,No,0,1297,2379,6,5,4,0,2,Research & Development,Laboratory Technician
29,No,0,574,3812,11,11,8,3,10,Research & Development,Laboratory Technician
32,No,0,1318,4648,4,0,0,0,0,Sales,Sales Executive
42,No,0,355,2936,10,6,3,3,3,Research & Development,Research Scientist
47,No,0,207,2105,7,2,2,2,0,Research & Development,Laboratory Technician
46,No,0,706,8578,12,9,8,4,7,Research & Development,Manufacturing Director
28,No,0,280,2706,3,3,2,2,2,Human Resources,Human Resources
29,No,0,726,6384,11,7,0,1,6,Research & Development,Healthcare Representative
42,No,0,1142,3968,8,0,0,0,0,Research & Development,Laboratory Technician
32,Yes,1,414,9907,7,2,2,2,2,Sales,Sales Executive
46,No,0,1319,13225,25,19,17,2,8,Sales,Sales Executive
27,No,0,728,3540,9,9,8,5,8,Sales,Sales Representative
29,No,0,352,2804,1,1,0,0,0,Human Resources,Human Resources
43,No,0,823,19392,21,16,12,6,14,Research & Development,Manager
48,No,0,1224,19665,29,22,10,12,9,Research & Development,Research Director
29,Yes,1,459,2439,1,1,0,1,0,Research & Development,Research Scientist
46,Yes,1,1254,7314,14,8,7,0,7,Sales,Sales Executive
27,No,0,1131,4774,8,7,6,7,3,Research & Development,Research Scientist
39,No,0,835,3902,7,2,2,2,2,Research & Development,Research Scientist
55,No,0,836,2662,19,5,2,0,4,Research & Development,Research Scientist
28,No,0,1172,2856,1,1,0,0,0,Sales,Sales Representative
30,Yes,1,945,1081,1,1,0,0,0,Sales,Sales Representative
22,Yes,1,391,2472,1,1,0,0,0,Research & Development,Research Scientist
36,No,0,1266,5673,10,10,9,1,7,Sales,Sales Executive
31,No,0,311,4197,10,10,8,0,2,Research & Development,Laboratory Technician
34,No,0,1480,9713,9,5,3,1,0,Sales,Sales Executive
29,No,0,592,2062,11,3,2,1,2,Research & Development,Laboratory Technician
37,No,0,783,4284,16,5,3,0,4,Research & Development,Research Scientist
35,No,0,219,4788,4,3,2,0,2,Research & Development,Manufacturing Director
45,No,0,556,5906,10,9,8,3,8,Research & Development,Manufacturing Director
36,No,0,1213,3886,10,10,1,0,8,Human Resources,Human Resources
40,No,0,1137,16823,22,19,7,11,16,Research & Development,Manager
26,No,0,482,2933,1,1,0,1,0,Research & Development,Research Scientist
27,No,0,511,6500,9,8,7,0,7,Sales,Sales Executive
48,No,0,117,17174,24,22,17,4,7,Research & Development,Manager
44,No,0,170,5033,10,2,0,2,2,Research & Development,Healthcare Representative
34,Yes,1,967,2307,5,5,2,3,0,Research & Development,Research Scientist
56,Yes,1,1162,2587,5,4,2,1,0,Research & Development,Laboratory Technician
36,No,0,335,5507,12,4,2,1,3,Sales,Sales Executive
41,No,0,337,4393,14,5,4,1,4,Sales,Sales Executive
42,No,0,1396,13348,18,13,7,5,7,Research & Development,Research Director
31,No,0,1079,6583,8,5,2,1,4,Sales,Sales Executive
34,No,0,735,8103,9,4,2,0,1,Sales,Sales Executive
31,No,0,471,3978,4,2,2,2,2,Research & Development,Laboratory Technician
26,No,0,1096,2544,8,7,7,7,7,Research & Development,Laboratory Technician
45,No,0,1297,5399,12,4,2,0,3,Research & Development,Healthcare Representative
33,No,0,217,5487,10,10,4,0,9,Sales,Sales Executive
28,No,0,783,6834,7,7,7,0,7,Sales,Sales Executive
29,Yes,1,746,1091,1,1,0,0,0,Sales,Sales Representative
39,No,0,1251,5736,10,3,2,1,2,Sales,Sales Executive
27,No,0,1354,2226,6,5,3,1,2,Research & Development,Research Scientist
34,No,0,735,5747,16,15,10,6,11,Research & Development,Research Scientist
28,Yes,1,1475,9854,6,2,0,2,2,Sales,Sales Executive
47,No,0,1169,5467,16,8,7,1,7,Research & Development,Research Scientist
56,No,0,1443,5380,6,0,0,0,0,Sales,Sales Executive
39,No,0,867,5151,10,10,0,7,9,Research & Development,Manufacturing Director
38,No,0,1394,2133,20,20,11,0,7,Research & Development,Research Scientist
58,No,0,605,17875,29,1,0,0,0,Sales,Manager
32,Yes,1,238,2432,8,4,1,0,3,Research & Development,Research Scientist
38,No,0,1206,4771,10,5,2,0,3,Research & Development,Research Scientist
49,No,0,1064,19161,28,5,4,4,3,Research & Development,Research Director
42,No,0,419,5087,14,0,0,0,0,Sales,Sales Executive
27,Yes,1,1337,2863,1,1,0,0,0,Human Resources,Human Resources
35,No,0,682,5561,6,5,3,0,4,Sales,Sales Executive
28,No,0,1103,2144,5,5,3,1,4,Research & Development,Research Scientist
31,No,0,976,3065,4,4,2,2,3,Research & Development,Research Scientist
36,No,0,1351,2810,5,5,4,0,2,Research & Development,Laboratory Technician
34,No,0,937,9888,14,14,8,2,1,Sales,Sales Executive
34,No,0,1239,8628,9,8,7,1,1,Sales,Sales Executive
26,No,0,157,2867,8,7,7,7,6,Research & Development,Laboratory Technician
29,No,0,136,5373,6,5,3,0,2,Research & Development,Healthcare Representative
32,No,0,1146,6667,9,5,1,1,2,Research & Development,Healthcare Representative
31,No,0,1125,5003,10,10,8,8,7,Research & Development,Research Scientist
28,Yes,1,1404,2367,6,4,1,0,3,Research & Development,Laboratory Technician
38,No,0,1404,2858,20,1,0,0,0,Sales,Sales Representative
35,No,0,1224,5204,10,10,8,0,9,Sales,Sales Executive
27,No,0,954,4105,7,7,7,0,7,Sales,Sales Executive
32,No,0,1373,9679,8,1,0,0,0,Research & Development,Manufacturing Director
31,Yes,1,754,5617,10,10,7,0,8,Sales,Sales Executive
53,Yes,1,1168,10448,15,2,2,2,2,Sales,Sales Executive
54,No,0,155,2897,9,4,3,2,3,Research & Development,Research Scientist
33,No,0,1303,5968,9,9,7,2,8,Research & Development,Healthcare Representative
43,No,0,574,7510,10,10,9,0,9,Research & Development,Healthcare Representative
38,No,0,1444,2991,7,6,2,1,2,Human Resources,Human Resources
55,No,0,189,19636,35,10,9,1,4,Human Resources,Manager
31,No,0,1276,1129,1,1,0,0,0,Research & Development,Laboratory Technician
39,No,0,119,13341,21,20,8,11,10,Sales,Sales Executive
42,No,0,335,4332,20,20,9,3,7,Research & Development,Research Scientist
31,No,0,697,11031,13,11,7,4,8,Research & Development,Research Director
54,No,0,157,4440,9,5,2,1,4,Research & Development,Manufacturing Director
24,No,0,771,4617,4,4,3,1,2,Research & Development,Healthcare Representative
23,No,0,571,2647,5,5,2,1,4,Research & Development,Laboratory Technician
40,No,0,692,6323,10,10,9,9,4,Research & Development,Laboratory Technician
40,No,0,444,5677,15,11,8,5,10,Sales,Sales Executive
25,No,0,309,2187,6,2,0,1,2,Human Resources,Human Resources
30,No,0,911,3748,12,12,8,1,7,Research & Development,Laboratory Technician
25,No,0,977,3977,7,2,2,0,2,Research & Development,Laboratory Technician
47,No,0,1180,8633,25,17,14,12,11,Research & Development,Healthcare Representative
33,No,0,1313,2008,1,1,1,0,0,Research & Development,Laboratory Technician
38,No,0,1321,4440,16,15,13,5,8,Sales,Sales Executive
31,No,0,1154,3067,3,2,2,1,2,Sales,Sales Representative
38,No,0,508,5321,10,8,3,7,7,Research & Development,Manufacturing Director
42,No,0,557,5410,9,4,3,1,2,Research & Development,Research Scientist
41,No,0,642,2782,12,5,3,1,0,Research & Development,Research Scientist
47,No,0,1162,11957,14,13,8,5,12,Research & Development,Research Director
35,No,0,1490,2660,5,2,2,2,2,Research & Development,Laboratory Technician
22,No,0,581,3375,4,3,2,1,2,Research & Development,Research Scientist
35,No,0,1395,5098,10,10,7,0,8,Research & Development,Research Scientist
33,No,0,501,4878,10,9,7,8,1,Research & Development,Healthcare Representative
32,No,0,267,2837,6,6,2,4,1,Research & Development,Laboratory Technician
40,No,0,543,2406,8,1,0,0,0,Research & Development,Laboratory Technician
32,No,0,234,2269,3,2,2,2,2,Sales,Sales Representative
39,No,0,116,4108,18,7,7,1,7,Research & Development,Research Scientist
38,No,0,201,13206,20,18,16,1,11,Research & Development,Research Director
32,No,0,801,10422,14,14,10,5,7,Sales,Sales Executive
37,No,0,161,13744,16,16,11,6,8,Research & Development,Research Director
25,No,0,1382,4907,6,5,3,0,4,Sales,Sales Executive
52,No,0,585,3482,16,9,8,0,0,Sales,Sales Representative
44,No,0,1037,2436,6,4,3,1,2,Research & Development,Research Scientist
21,No,0,501,2380,2,2,2,1,2,Sales,Sales Representative
39,No,0,105,19431,21,6,0,1,3,Research & Development,Manager
23,Yes,1,638,1790,1,1,0,1,0,Sales,Sales Representative
36,No,0,557,7644,10,9,7,3,4,Sales,Sales Executive
36,No,0,688,5131,18,4,2,0,2,Research & Development,Manufacturing Director
56,No,0,667,6306,13,13,12,1,9,Research & Development,Healthcare Representative
29,Yes,1,1092,4787,4,2,2,2,2,Research & Development,Research Scientist
42,No,0,300,18880,24,22,6,4,14,Research & Development,Manager
56,Yes,1,310,2339,14,10,9,9,8,Research & Development,Laboratory Technician
41,No,0,582,13570,21,20,7,0,10,Research & Development,Manufacturing Director
34,No,0,704,6712,8,8,7,1,7,Sales,Sales Executive
36,No,0,301,5406,15,15,12,11,11,Sales,Sales Executive
41,No,0,930,8938,14,5,4,0,4,Sales,Sales Executive
32,No,0,529,2439,4,4,2,1,2,Research & Development,Research Scientist
35,No,0,1146,8837,9,9,0,1,7,Human Resources,Human Resources
38,No,0,345,5343,10,10,7,1,9,Sales,Sales Executive
50,Yes,1,878,6728,12,6,3,0,1,Sales,Sales Executive
36,No,0,1120,6652,8,6,3,0,0,Sales,Sales Executive
45,No,0,374,4850,8,5,3,0,1,Sales,Sales Executive
40,No,0,1322,2809,8,2,2,2,2,Research & Development,Research Scientist
35,No,0,1199,5689,10,10,2,0,2,Research & Development,Healthcare Representative
40,No,0,1194,2001,20,5,3,0,2,Research & Development,Research Scientist
35,No,0,287,2977,4,4,3,1,1,Research & Development,Research Scientist
29,No,0,1378,4025,10,4,3,0,3,Research & Development,Laboratory Technician
29,No,0,468,3785,5,5,4,0,4,Research & Development,Research Scientist
50,Yes,1,410,10854,20,3,2,2,0,Sales,Sales Executive
39,No,0,722,12031,21,20,9,9,6,Sales,Sales Executive
31,No,0,325,9936,10,9,4,1,7,Research & Development,Manufacturing Director
26,No,0,1167,2966,5,4,2,0,0,Sales,Sales Representative
36,No,0,884,2571,17,5,2,0,3,Research & Development,Laboratory Technician
39,No,0,613,9991,9,7,7,1,7,Research & Development,Healthcare Representative
27,No,0,155,6142,6,6,2,0,3,Research & Development,Manufacturing Director
49,No,0,1023,5390,17,9,6,0,8,Sales,Sales Executive
34,No,0,628,4404,6,4,3,1,2,Research & Development,Laboratory Technician
